﻿<?xml version="1.0" encoding="utf-8"?>
<eventposdef>
  <event name="AmbientFox" />
  <event name="AmbientHare" />
  <event name="AnimalDeer" />
  <event name="AnimalCow" />
  <event name="AnimalSheep" />
  <event name="AnimalRoeDeer" />
  <event name="AnimalReindeer" />
  <event name="AnimalWolf" />
  <event name="AnimalWildBoar" />
  <event name="VehicleBoat">
		<pos x="12370.05" z="7797.182" y="1.5" />
		<pos x="9383" z="4326.001" y="1.5" />
		<pos x="9665.813" z="9314.432" y="1.5" />
		<pos x="10507.58" z="12136.94" y="1.5" />
		<pos x="8451.281" z="5612.721" y="1.5" />
		<pos x="11002.13" z="3324.618" y="1.5" />
		<pos x="15541" z="4969.066" y="1.5" />
		<pos x="11494.47" z="2632.286" y="1.5" />
		<pos x="12911.61" z="942.6756" y="1.5" />
		<pos x="8802.359" z="7218.779" y="1.5" />
		<pos x="8707.344" z="8396.123" y="1.5" />
		<pos x="7954.469" z="5393.604" y="1.5" />
		<pos x="9821.234" z="10464.09" y="1.5" />
		<pos x="13233.92" z="9453.312" y="1.5" />
		<pos x="9874.344" z="4173.984" y="1.5" />
		<pos x="6001.516" z="7681.935" y="1.5" />
		<pos x="8922.219" z="6501.17" y="1.5" />
		<pos x="11160.25" z="10594.6" y="1.5" />
		<pos x="10658.36" z="5721.677" y="1.5" />
		<pos x="3064.109" z="5426.862" y="1.5" />
		<pos x="483.9219" z="14979.73" y="1.5" />
		<pos x="1237.844" z="15980.75" y="1.5" />
		<pos x="1814.5" z="15334.84" y="1.5" />
		<pos x="3213.25" z="13604.59" y="1.5" />
		<pos x="8619.188" z="13444.04" y="1.5" />
		<pos x="8429.078" z="13660.96" y="1.5" />
		<pos x="833.7031" z="12974.76" y="1.5" />
		<pos x="8065.297" z="13463.79" y="1.5" />
		<pos x="8553.75" z="13585.12" y="1.5" />
		<pos x="8528.875" z="13477" y="1.5" />
		<pos x="5728.141" z="14615.01" y="1.5" />
		<pos x="8205.5" z="13639.99" y="1.5" />
		<pos x="8200.234" z="13443.79" y="1.5" />
		<pos x="8148.344" z="13589.86" y="1.5" />
		<pos x="8323.438" z="13563.04" y="1.5" />
		<pos x="8348.656" z="13523.24" y="1.5" />
		<pos x="8431.953" z="13467.18" y="1.5" />
		<pos x="8355.906" z="13634.63" y="1.5" />
		<pos x="8418.063" z="13386.69" y="1.5" />
		<pos x="2365.953" z="12549.31" y="1.5" />
		<pos x="459.7188" z="11116.44" y="1.5" />
		<pos x="1592.188" z="11321.14" y="1.5" />
		<pos x="8091.578" z="13555.71" y="1.5" />
		<pos x="252.9844" z="12333.66" y="1.5" />
		<pos x="8488.828" z="13622.28" y="1.5" />
		<pos x="8443.641" z="13534.09" y="1.5" />
		<pos x="5742.984" z="14767.83" y="1.5" />
		<pos x="8679.641" z="13466.02" y="1.5" />
		<pos x="8235.578" z="13489.16" y="1.5" />
		<pos x="5694.75" z="15037.96" y="1.5" />
		<pos x="8320.375" z="13443.72" y="1.5" />
		<pos x="8212.516" z="13369.04" y="1.5" />
		<pos x="638.8438" z="12897.37" y="1.5" />
		<pos x="2675.406" z="10085.04" y="1.5" />
		<pos x="3686.578" z="10537.55" y="1.5" />
		<pos x="9238.203" z="10139.12" y="1.5" />
		<pos x="2987.797" z="7585.508" y="1.5" />
		<pos x="5137.141" z="9414.382" y="1.5" />
		<pos x="2800.797" z="7803.585" y="1.5" />
		<pos x="2428.328" z="7952.565" y="1.5" />
  </event>
  <event name="VehicleBoatSTAG">
	<pos x="15335.59" z="15257.35" y="1.5" />
	<pos x="4177.188" z="15412.3"  y="1.5" />
	<pos x="1024.734" z="13915.36" y="1.5" />
	<pos x="15582.84" z="4953.743" y="1.5" />
	<pos x="2008.688" z="15936.56" y="1.5" />
	<pos x="3490.875" z="12409.1"  y="1.5" />
	<pos x="1822.609" z="12673.58" y="1.5" />
	<pos x="12906.58" z="10193.54" y="1.5" />
	<pos x="2806.734" z="3202.816" y="1.5" />
	<pos x="11997.36" z="15180.05" y="1.5" />
	<pos x="12928.28" z="977.5114" y="1.5" />
	<pos x="2140.828" z="14644.68" y="1.5" />
  </event>


  <event name="VehicleCivilianSedan">
    <pos x="6977.063" z="1930.387" a="355.8747" />
    <pos x="10146.64" z="10834.52" a="246.4799" />
    <pos x="3249.063" z="6321.329" a="158.3086" />
    <pos x="6715.047" z="2017.379" a="85.98701" />
    <pos x="6318" z="2197.581" a="137.1664" />
    <pos x="3365.828" z="6539.182" a="316.5558" />
    <pos x="9110.75" z="9482.88" a="342.6577" />
    <pos x="10123.67" z="10900.57" a="158.0439" />
    <pos x="10231.72" z="10932.5" a="246.4799" />
    <pos x="3414.578" z="6469.656" a="147.6086" />
    <pos x="7213.047" z="1594.443" a="280.0724" />
    <pos x="6033.219" z="14900.38" a="179.6326" />
    <pos x="5967.656" z="13991.95" a="180.148" />
    <pos x="8937.453" z="8836.605" a="141.8684" />
    <pos x="8278.813" z="8846.254" a="302.2393" />
    <pos x="6441.844" z="1952.972" a="353.941" />
    <pos x="6045.734" z="14435.41" a="87.32887" />
    <pos x="6910.813" z="2036.453" a="179.7086" />
  </event>
  <event name="VehicleSedan02">
    <pos x="7946.578" z="9185.975" a="177.0619" />
    <pos x="6714.844" z="1930.144" a="77.92589" />
    <pos x="7163.125" z="1386.389" a="18.43491" />
    <pos x="7521.719" z="1555.357" a="185.4414" />
    <pos x="8836.641" z="9772.61" a="10.49619" />
    <pos x="8342.656" z="9117.692" a="131.6157" />
    <pos x="10143.84" z="10841.76" a="70.31298" />
    <pos x="10101.19" z="10890.13" a="155.784" />
    <pos x="6400.844" z="2121.802" a="312.749" />
    <pos x="6155.047" z="1244.02" a="103.8379" />
    <pos x="7215.547" z="1606.959" a="102.2909" />
    <pos x="3625.438" z="6546.292" a="189.4378" />
    <pos x="3357.969" z="6531.853" a="316.2297" />
    <pos x="3568.344" z="6033.158" a="343.9465" />
    <pos x="6205.922" z="14062.2" a="269.23" />
    <pos x="5967.438" z="14148.91" a="178.9891" />
    <pos x="6172.203" z="14815.97" a="357.795" />
    <pos x="10221.44" z="10932.85" a="242.0285" />
  </event>
  <event name="VehicleHatchback02">
    <pos x="7132.703" z="2254.391" a="7.477113" />
    <pos x="6040.359" z="14724.27" a="356.9674" />
    <pos x="10120.28" z="10875.47" a="154.8888" />
    <pos x="3522.094" z="6663.462" a="50.08035" />
    <pos x="9916.125" z="10985.34" a="71.2226" />
    <pos x="7558.109" z="1598.445" a="67.03607" />
    <pos x="6171.703" z="14737.79" a="356.9674" />
    <pos x="6792.547" z="1576.144" a="340.0792" />
    <pos x="6515.609" z="1496.879" a="188.2167" />
    <pos x="2950.281" z="5814.063" a="202.3974" />
    <pos x="3152.406" z="6338.75" a="344.3334" />
    <pos x="9268.953" z="8661.742" a="116.7297" />
    <pos x="9341.516" z="9601.252" a="344.9781" />
    <pos x="7180.906" z="1450.919" a="236.3022" />
    <pos x="9328.266" z="9136.871" a="211.6115" />
    <pos x="10244.36" z="10881.29" a="67.22624" />
    <pos x="6040.547" z="14693.22" a="1.221573" />
    <pos x="5981.313" z="14955.16" a="270.0783" />
  </event>
  <event name="StaticHeliCrash">
    <zone smin="3" smax="5" dmin="5" dmax="8" r="45" />
		<pos x="14720.8" z="1387.211" a="0" />
		<pos x="15454.48" z="1371.249" a="0" />
		<pos x="10561.48" z="11212.45" a="0" />
		<pos x="4579.297" z="5043.996" a="0" />
		<pos x="5133.625" z="3166.641" a="0" />
		<pos x="10963.56" z="11334.32" a="0" />
		<pos x="13359.13" z="9949.318" a="0" />
		<pos x="5523.938" z="3466.634" a="18.69275" />
		<pos x="13555.31" z="9897.07" a="0" />
		<pos x="11604.83" z="8113.848" a="0" />
		<pos x="9477.25" z="7217.678" a="0" />
		<pos x="9611.813" z="11172.25" a="0" />
		<pos x="12316.22" z="7892.854" a="0" />
		<pos x="9565.922" z="15243.42" a="0" />
		<pos x="4412.094" z="5285.215" a="0" />
		<pos x="4864.547" z="5067.843" a="0" />
		<pos x="9275.688" z="4960.702" a="0" />
		<pos x="5927.938" z="3789.121" a="28.23251" />
		<pos x="5686.375" z="3300.063" a="350.5892" />
		<pos x="9662.938" z="12356.54" a="0" />
		<pos x="10080.95" z="11159.42" a="0" />
		<pos x="9441.078" z="9317.341" a="0" />
		<pos x="13268.34" z="9685.42" a="0" />
		<pos x="10609.14" z="10568.33" a="0" />
		<pos x="5195.375" z="3798.368" a="0" />
		<pos x="14562.63" z="6361.886" a="101.3276" />
		<pos x="9835.297" z="5104.727" a="0" />
		<pos x="10011.95" z="4773.959" a="0" />
		<pos x="12279.69" z="7707.734" a="0" />
		<pos x="14124.81" z="6504.678" a="101.3276" />
		<pos x="14451.38" z="6493.747" a="101.3276" />
		<pos x="11943.41" z="2700.435" a="0" />
		<pos x="15772.44" z="4638.459" a="0" />
		<pos x="12269.56" z="2278.855" a="0" />
		<pos x="15212.2" z="1773.565" a="0" />
		<pos x="13852.3" z="3704.447" a="0" />
		<pos x="13327.78" z="3757.288" a="0" />
		<pos x="14159.38" z="3458.028" a="0" />
		<pos x="15754.08" z="5109.466" a="0" />
		<pos x="11991.27" z="2005.597" a="0" />
		<pos x="15797.36" z="4703.3" a="0" />
		<pos x="9759.063" z="3639.787" a="0" />
		<pos x="9936.125" z="3645.034" a="0" />
		<pos x="9921.234" z="3847.471" a="0" />
		<pos x="589.0469" z="11400.91" a="0" />
		<pos x="6426.016" z="11077.62" a="0" />
		<pos x="6312.266" z="13387.29" a="0" />
		<pos x="4724.672" z="12139.24" a="0" />
		<pos x="4790.406" z="11753.42" a="0" />
		<pos x="6729.25" z="10585.42" a="0" />
		<pos x="1500.047" z="9063.934" a="0" />
		<pos x="4025.313" z="6828.963" a="0" />
		<pos x="9204.078" z="9032.056" a="0" />
		<pos x="1035.094" z="11008.5" a="0" />
		<pos x="4686.594" z="7628.479" a="0" />
		<pos x="5018.406" z="7826.122" a="0" />
		<pos x="8087.719" z="13073.09" a="0" />
		<pos x="4806.984" z="8227.021" a="0" />
		<pos x="5000.047" z="12295.15" a="0" />
		<pos x="7727.234" z="12827.52" a="0" />
		<pos x="7111.797" z="10469.34" a="0" />
		<pos x="1961.703" z="8760.076" a="0" />
		<pos x="3850.5" z="6489.166" a="0" />
		<pos x="9114.797" z="8940.288" a="0" />
		<pos x="4336.047" z="6942.178" a="0" />
		<pos x="1815.375" z="9421.489" a="0" />
		<pos x="9259.188" z="7274.581" a="0" />
		<pos x="2557.234" z="4194.224" a="0" />
		<pos x="3055.484" z="3797.625" a="0" />
		<pos x="5896.609" z="5856.471" a="0" />
		<pos x="6838.578" z="6980.455" a="0" />
		<pos x="3338.531" z="4383.82" a="0" />
		<pos x="6635.016" z="5873.002" a="0" />
		<pos x="6027.828" z="5681.393" a="0" />
		<pos x="6435.172" z="6395.417" a="0" />
		<pos x="9004.031" z="7379.795" a="0" />
		<pos x="6523.766" z="6713.754" a="0" />
		<pos x="1293.719" z="15486.77" a="0" />
		<pos x="1684.438" z="15713.52" a="0" />
		<pos x="1700.453" z="14906.46" a="0" />
		<pos x="2581.563" z="13690.93" a="0" />
		<pos x="2607.641" z="13436.45" a="0" />
		<pos x="3017.844" z="13696.86" a="0" />
		<pos x="8788.703" z="15633.24" a="0" />
		<pos x="9175.578" z="15438.21" a="0" />
		<pos x="6271.734" z="13505.86" a="0" />
		<pos x="6579.422" z="13568.64" a="0" />
		<pos x="7743.016" z="13440.03" a="0" />
		<pos x="904.9531" z="11691.01" a="0" />
  </event>
  <event name="StaticChristmasTree"></event>
  <event name="StaticBonfire">
    <zone smin="3" smax="5" dmin="3" dmax="5" r="55" />
    <pos x="3934.656" z="3258.147" a="0" />
    <pos x="4010.156" z="6838.413" a="0" />
    <pos x="4712.25" z="1998.361" a="0" />
    <pos x="7461.266" z="1996.099" a="0" />
    <pos x="885.5938" z="15271.52" a="0" />
    <pos x="7077.563" z="8532.872" a="0" />
    <pos x="10272.41" z="7908.327" a="0" />
    <pos x="9602.016" z="5259.669" a="0" />
    <pos x="8097.453" z="8007.56" a="0" />
    <pos x="1187.188" z="15277.87" a="0" />
    <pos x="5672.891" z="8886.102" a="0" />
    <pos x="7116" z="4031.369" a="0" />
    <pos x="5044.203" z="7982.435" a="0" />
  </event>
  <event name="StaticContaminatedArea">
    <zone smin="0" smax="0" dmin="5" dmax="8" r="100" />    
    <!--   Portland Crashed Ship -->
    <pos x="5640.438" z="13968.393" />        
	<!--   Waldoborow West -->
	<pos x="8228.359" z="8643.630" />        
	<!--   Waldoborow East -->
    <pos x="9117.781" z="9506.125" />        
	<!--   Swamp North -->
	<pos x="3735.563" z="9738.285" />        
	<!--   Swamp South -->
	<pos x="3604.141" z="7881.598" />        
	<!--   Chechpoint -->
	<pos x="5202.484" z="9073.275" />    
	<!--   PreIslandForA42 -->
	<pos x="11419.656" z="10126.863" />    
	<!--   ParisIsland North -->
	<pos x="3035.828" z="4163.100" />    
	<!--   ParisIsland South -->
	<pos x="2883.531" z="3612.489" />    
	<!--   Island 1 -->
	<pos x="1541.219" z="15373.826" />    
	<!--   Island 2 -->
	<pos x="1078.078" z="13383.072" />    
	<!--   Camp North -->
	<pos x="8904.297" z="5962.632" />    
	<!--   Camp South -->
	<pos x="8837.266" z="3768.158" />    
	<!--   RacingTrack -->
	<pos x="10065.656" z="10883.122" />    
	<!--   Powerplant -->
	<pos x="4678" z="7100" />    
	<!--   Alcatraz -->
	<pos x="15768" z="4825" />    
	<!--   Camp Eagle -->
	<pos x="8827" z="3778" />    
	<!--   Camp Bear -->
	<pos x="8911" z="5969" />    
	<!--   Airfield -->
	<pos x="5420" z="3570" />    
	<!--   Georgetown -->
	<pos x="4747" z="4432" />    
	<!--   BensCrossing -->
	<pos x="9740" z="4247" />    
	<!--   CampByAlc -->
	<pos x="14358" z="5247" />    
	<!--   BrokenTrainBridge -->
	<pos x="3904" z="10460" />    
	
  </event>
  <event name="Loot" />
  <event name="VehicleOffroadHatchback">
    <pos x="7353.891" z="1940.002" a="142.9673" />
    <pos x="3284.484" z="6329.61" a="343.3632" />
    <pos x="6374.469" z="1391.772" a="46.21286" />
    <pos x="3433.969" z="6601.088" a="231.1388" />
    <pos x="6273.5" z="1132.607" a="159.6585" />
    <pos x="7215.969" z="1786.915" a="22.81804" />
    <pos x="3454.891" z="6057.804" a="303.7861" />
    <pos x="7168.734" z="1517.439" a="225.86" />
    <pos x="9018.438" z="9419.991" a="335.5604" />
    <pos x="10153.42" z="10889.83" a="335.5604" />
    <pos x="9131.813" z="9162.05" a="98.48473" />
    <pos x="10039.31" z="10690.33" a="71.98914" />
    <pos x="6040.359" z="14514.93" a="357.4761" />
    <pos x="8661.641" z="9092.578" a="33.51132" />
    <pos x="5991.813" z="14714.29" a="93.00253" />
    <pos x="10216.38" z="10940.11" a="62.4494" />
    <pos x="6170.297" z="14231.28" a="358.7652" />
  </event>
  <event name="StaticPoliceCar">
    <zone smin="1" smax="3" dmin="3" dmax="5" r="45" />
    <pos x="7005.344" z="1506.802" a="62.26622" />
    <pos x="8764.078" z="4173.975" a="305.9844" />
    <pos x="7211.719" z="1588.866" a="104.8083" />
    <pos x="6670.906" z="1467.593" a="318.7471" />
    <pos x="7525.438" z="3927.089" a="357.6796" />
    <pos x="5551.453" z="1119.959" a="131.4939" />
    <pos x="9770.641" z="4344.933" a="256.6098" />
    <pos x="5154.438" z="9083.963" a="60.84812" />
    <pos x="7103.203" z="8735.41" a="318.1635" />
    <pos x="8327.25" z="8708.028" a="86.24463" />
    <pos x="7995.203" z="8662.095" a="178.2903" />
    <pos x="6151.266" z="14592.94" a="359.675" />
    <pos x="5272.641" z="12447.68" a="3.413001" />
    <pos x="4410.953" z="2848.956" a="228.0516" />
    <pos x="4417.203" z="4433.326" a="346.0772" />
    <pos x="3589.641" z="5392.765" a="118.6703" />
    <pos x="7105.375" z="5452.361" a="107.8414" />
    <pos x="5301" z="9166.229" a="60.84812" />
    <pos x="9029.188" z="7707.882" a="175.5831" />
    <pos x="6186.844" z="14062.68" a="268.5312" />
    <pos x="10167.39" z="11908.07" a="315.0697" />
    <pos x="3255.844" z="6512.207" a="9.865616" />
    <pos x="1087.688" z="15060.84" a="208.1313" />
    <pos x="5939.906" z="14584.26" a="90.56041" />
    <pos x="679.75" z="15017.45" a="223.4723" />
    <pos x="6612.688" z="8624.982" a="244.6816" />
    <pos x="1323.813" z="15572.58" a="328.2806" />
    <pos x="5933.703" z="14857.72" a="95.33029" />
    <pos x="10133.69" z="10882.5" a="154.9566" />
    <pos x="4501.984" z="1895.817" a="169.9107" />
    <pos x="10395.17" z="8000.833" a="141.6783" />
    <pos x="5389.609" z="7553.189" a="114.1583" />
    <pos x="3282.734" z="6278.799" a="66.07278" />
    <pos x="3442.047" z="4829.805" a="167.2715" />
    <pos x="6622.484" z="6393.107" a="247.5859" />
  </event>
  <event name="ItemPlanks">
    <pos x="4385.391" z="12025.85" a="292.4483" />
    <pos x="4467.5" z="12150.15" a="13.02043" />
    <pos x="4405.859" z="12111.28" a="19.59512" />
    <pos x="4764.078" z="8222.88" a="115.5083" />
    <pos x="4418.859" z="12033.81" a="24.10722" />
    <pos x="4756.125" z="11766.11" a="336.6663" />
    <pos x="4854.172" z="12139.54" a="342.7253" />
    <pos x="4724.406" z="8252.327" a="125.177" />
    <pos x="4376.688" z="12029.4" a="292.4483" />
    <pos x="4705.344" z="8240.387" a="31.32647" />
    <pos x="4745.656" z="8271.597" a="33.90479" />
    <pos x="4772.203" z="8249.679" a="25.00963" />
    <pos x="4809.734" z="11897.74" a="5.414398" />
    <pos x="4787.547" z="8359.056" a="50.79274" />
    <pos x="4468.531" z="12088.61" a="285.229" />
    <pos x="4441.422" z="12170.83" a="13.02043" />
    <pos x="4424.469" z="12105.14" a="19.59512" />
    <pos x="4713.891" z="8277.936" a="57.10958" />
    <pos x="3924.141" z="2594.608" a="335.3773" />
    <pos x="9062.5" z="8131.654" a="34.16253" />
    <pos x="8723.547" z="8191.132" a="1.28907" />
    <pos x="10342.17" z="7908.129" a="41.51072" />
    <pos x="4628.734" z="12321.93" a="7.863794" />
    <pos x="10401.27" z="5601.74" a="184.1592" />
    <pos x="1926.531" z="9259.891" a="77.34943" />
    <pos x="10332.25" z="7842.744" a="64.07094" />
    <pos x="6962.25" z="2308.396" a="270.4038" />
    <pos x="8857.641" z="8189.297" a="352.9096" />
    <pos x="9674.156" z="5330.105" a="98.55936" />
    <pos x="9065.469" z="7208.42" a="356.7772" />
    <pos x="8992" z="8181.341" a="18.56375" />
    <pos x="9041.875" z="7156.156" a="270.4038" />
    <pos x="9103.172" z="7166.082" a="268.599" />
    <pos x="6626.156" z="6467.634" a="313.9773" />
    <pos x="6821.516" z="2308.984" a="269.8881" />
    <pos x="10394.44" z="5601.871" a="184.1592" />
    <pos x="9108.375" z="8068.781" a="72.0637" />
    <pos x="6966.547" z="2332.413" a="355.488" />
    <pos x="1927.688" z="9254.345" a="77.34943" />
    <pos x="10282.02" z="4920.184" a="265.2471" />
    <pos x="8968.734" z="4224.006" a="14.43847" />
    <pos x="10279.41" z="4920.043" a="265.2471" />
    <pos x="4946.094" z="2096.859" a="38.67477" />
    <pos x="3768.688" z="2533.872" a="264.7315" />
    <pos x="3356.063" z="6590.501" a="101.3277" />
    <pos x="6921.828" z="2311.732" a="353.9411" />
    <pos x="3365.328" z="6587.716" a="108.4181" />
    <pos x="8255.313" z="9362.56" a="182.1577" />
    <pos x="502.7813" z="15219.43" a="197.8855" />
    <pos x="5486.813" z="8602.825" a="152.8939" />
    <pos x="5466.297" z="8570.349" a="147.7373" />
    <pos x="6589.109" z="6308.869" a="147.7373" />
    <pos x="504.0469" z="15260.4" a="147.3505" />
    <pos x="5855.203" z="14828.86" a="250.2252" />
    <pos x="5827.406" z="14448.02" a="98.03715" />
    <pos x="479.1406" z="15320.24" a="150.8313" />
    <pos x="5765.859" z="14863.7" a="231.0168" />
    <pos x="529.1406" z="15235.16" a="174.6807" />
    <pos x="442.5469" z="15361.18" a="110.7385" />
    <pos x="5814.25" z="14542.57" a="177.7748" />
    <pos x="6567.391" z="6235.621" a="143.8698" />
    <pos x="525.2344" z="15302.11" a="124.9192" />
    <pos x="5925.766" z="14832.98" a="104.4829" />
    <pos x="10152.78" z="12093.74" a="182.1577" />
    <pos x="8327" z="9428.349" a="182.1577" />
    <pos x="521" z="15218.95" a="148.382" />
    <pos x="8243.375" z="9362.552" a="182.1577" />
    <pos x="8317.922" z="9428.416" a="182.1577" />
    <pos x="5858.016" z="14820.29" a="250.2252" />
    <pos x="5818.344" z="14469.51" a="11.79268" />
    <pos x="6587.844" z="6265.957" a="57.49643" />
  </event>
  <event name="VehicleTruck01">
    <pos x="8368.5" z="9264.305" a="185.1158" />
    <pos x="5866.016" z="14787.11" a="129.682" />
    <pos x="5825.672" z="14933.91" a="323.442" />
    <pos x="9902.359" z="10989.82" a="337.6228" />
    <pos x="6531.656" z="1670.761" a="331.123" />
    <pos x="3451.469" z="6074.583" a="339.8822" />
    <pos x="6865.875" z="2248.597" a="0" />
    <pos x="3358.438" z="6606.007" a="107.3186" />
    <pos x="3580.281" z="6221.034" a="88.23911" />
    <pos x="8282.141" z="9352.204" a="338.593" />
    <pos x="10084.88" z="10859.81" a="335.5601" />
    <pos x="5843.844" z="14491.25" a="9.790611" />
    <pos x="8840.672" z="8640.429" a="25.45042" />
    <pos x="7375.672" z="1440.576" a="181.2551" />
    <pos x="6509.141" z="1860.178" a="340.1471" />
    <pos x="9844.422" z="10783.52" a="342.3926" />
  </event>
  <event name="VehicleTransitBus" />
  <event name="InfectedVillage" />
  <event name="InfectedSolitude" />
  <event name="InfectedArmy" />
  <event name="InfectedCity" />
  <event name="InfectedMedic" />
  <event name="InfectedPolice" />
  <event name="InfectedFirefighter" />
  <event name="InfectedPrisoner" />  
  <event name="StaticPlantFernA">
    <pos x="356.2" z="1625.4" a="0" />
  </event>
  <event name="StaticPlantFernB">
    <pos x="15589.5" z="14826.4" a="0" />
  </event>
  <event name="StaticPlantFernC">
    <pos x="7266.9" z="11627.5" a="0" />
  </event>
  <event name="StaticVanAmbulance">
    <pos x="11721.3" z="9927.93" a="0" />
    <pos x="10106.7" z="10888.9" a="0" />
    <pos x="5933.65" z="14235.8" a="0" />
    <pos x="5237.53" z="12397.9" a="0" />
    <pos x="5668.07" z="9270.8" a="0" />
    <pos x="6141.59" z="8422.09" a="0" />
    <pos x="7253.22" z="8812.39" a="0" />
    <pos x="8589.81" z="8918.16" a="0" />
    <pos x="2523.61" z="7961.55" a="0" />
    <pos x="3965.87" z="4864.63" a="0" />
    <pos x="4491.28" z="1913.08" a="0" />
    <pos x="6140.88" z="1162.65" a="0" />
    <pos x="6850.81" z="2687.43" a="0" />
    <pos x="7530.9" z="3925.86" a="0" />
    <pos x="6916.58" z="6009.68" a="0" />
    <pos x="4526.92" z="7105.52" a="0" />
  </event>
  <event name="StaticVanPinkies">
    <pos x="7336.25" z="7828.29" a="0" />
    <pos x="9409.67" z="7550.45" a="0" />
    <pos x="9986.14" z="6833.93" a="0" />
    <pos x="11629.6" z="10093.9" a="0" />
    <pos x="10136.5" z="11967.6" a="0" />
    <pos x="6741.73" z="13995.8" a="100" />
    <pos x="919" z="12829" a="0" />
    <pos x="1090.28" z="15028.8" a="0" />
    <pos x="2929.31" z="8851.52" a="0" />
    <pos x="9544.7" z="4114.01" a="90" />
    <pos x="10223.4" z="4921.25" a="0" />
    <pos x="7450.33" z="2981.64" a="0" />
    <pos x="7001.05" z="1523.46" a="0" />
    <pos x="6497.84" z="1893.9" a="0" />
    <pos x="4995.5" z="2045.41" a="0" />
    <pos x="4556.1" z="2734.02" a="0" />
    <pos x="5495.8" z="3833.31" a="0" />
    <pos x="5108.78" z="4517.22" a="60" />
    <pos x="5963.36" z="5222.17" a="45" />
  </event>
  <event name="StaticSkeletonEventspawn">
    <pos x="7048.95" y="3.98036" z="9660.99" a="0" />

  </event>
  	<event name="StaticSurvivorCamps">
		<zone smin="0" smax="1" dmin="0" dmax="0" r="40" />
    	<pos x="6026.500" z="5679.635" a="0" y="185.927" group="Camp_01"/>
		<pos x="5199.594" z="5784.471" a="0" y="183.568" group="Camp_01"/>
		<pos x="4406.219" z="5630.816" a="0" y="52.211" group="Camp_01"/>
		<pos x="4477.531" z="6583.898" a="0" y="142.399" group="Camp_01"/>
		<pos x="5454.953" z="6797.935" a="0" y="182.353" group="Camp_01"/>
		<pos x="8877.109" z="5014.320" a="0" y="42.867" group="Camp_01"/>
		<pos x="8789.922" z="5343.360" a="0" y="62.168" group="Camp_01"/>
		<pos x="10377.891" z="5156.207" a="0" y="76.369" group="Camp_01"/>
		<pos x="9819.188" z="3839.174" a="0" y="57.726" group="Camp_01"/>
		<pos x="9759.281" z="3299.211" a="0" y="18.665" group="Camp_01"/>
		<pos x="10455.109" z="7353.781" a="0" y="3.635" group="Camp_01"/>
		<pos x="8610.438" z="6857.820" a="0" y="3.418" group="Camp_01"/>
		<pos x="7071.313" z="9392.521" a="0" y="110.788" group="Camp_01"/>
		<pos x="6184.906" z="12058.124" a="0" y="247.323" group="Camp_01"/>
		<pos x="7707.266" z="12888.431" a="0" y="129.871" group="Camp_01"/>
		<pos x="13079.625" z="6233.891" a="0" y="2.342" group="Camp_01"/>
		<pos x="1977.469" z="10753.499" a="0" y="4.378" group="Camp_01"/>
		<pos x="4214.375" z="13846.506" a="0" y="45.658" group="Camp_01"/>
		<pos x="3387.844" z="15352.182" a="0" y="34.680" group="Camp_01"/>
		<pos x="11218.203" z="9013.731" a="0" y="116.963" group="Camp_01"/>
		<pos x="8414.203" z="11330.297" a="0" y="186.197" group="Camp_01"/>
		<pos x="6951.906" z="9405.273" a="0" y="139.887" group="Camp_01"/>
		<pos x="12847.641" z="2558.410" a="0" y="63.402" group="Camp_01"/>
		<pos x="5836.844" z="10507.854" a="0" y="175.219" group="Camp_01"/>
		<pos x="5695.625" z="4765.100" a="0" y="74.065" group="Camp_01"/>
		<pos x="3102.641" z="7381.630" a="0" y="51.712" group="Camp_01"/>
		<pos x="8801.609" z="10584.793" a="0" y="31.208" group="Camp_01"/>
		<pos x="1892.109" z="12006.021" a="0" y="4.929" group="Camp_01"/>
		<pos x="10739.813" z="6189.884" a="0" y="90.150" group="Camp_01"/>
		<pos x="2644.047" z="14520.172" a="0" y="3.036" group="Camp_01"/>
	</event>	
  	<event name="StaticConvoys">
		<zone smin="0" smax="1" dmin="0" dmax="0" r="40" />
    	<pos x="10024.588867" z="5522.352539" a="0" y="33.997204" group="Convoy1"/>	
		<pos x="13482.123047" z="4804.984375" a="0" y="10.434548" group="Convoy2"/>
		<pos x="12323.192383" z="7692.960938" a="0" y="3.599610" group="Convoy3"/>
		<pos x="5511.870117" z="6239.143066" a="0" y="11.147954" group="Convoy4"/>
		<pos x="2912.520508" z="8430.740234" a="0" y="20.504854" group="Convoy5"/>
		<pos x="4321.388672" z="9151.757813" a="0" y="12.994572" group="Convoy6"/>
		<pos x="4658.318848" z="11014.400391" a="0" y="20.920277" group="Convoy7"/>
		<pos x="6176.447754" z="13715.593750" a="0" y="26.463648" group="Convoy8"/>
		<pos x="9159.705078" z="13220.018555" a="0" y="6.386142" group="Convoy9"/>
		<pos x="10723.749023" z="10807.613281" a="0" y="10.222730" group="Convoy10"/>
		<pos x="9034.532227" z="10219.848633" a="0" y="13.661717" group="Convoy11"/>
		<pos x="6789.473633" z="12483.323242" a="0" y="514.087952" group="Convoy12"/>
	</event>	
	<event name="StaticPoliceCheckpoints">
		<zone smin="0" smax="1" dmin="0" dmax="0" r="40" />
    	<pos x="5818.043945" z="8314.501953" a="0" y="10.779129" group="Police1"/>
		<pos x="5541.522949" z="7240.893555" a="0" y="27.460871" group="Police2"/>
		<pos x="3617.629639" z="7306.973633" a="0" y="23.234343" group="Police3"/>
		<pos x="8312.594727" z="8899.133789" a="0" y="5.736212" group="Police4"/>
		<pos x="9104.710938" z="9503.249023" a="0" y="7.301874" group="Police5"/>
		<pos x="9762.839844" z="4369.660156" a="0" y="7.389971" group="Police6"/>
		<pos x="9456.055664" z="7108.144043" a="0" y="8.059036" group="Police7"/>
		<pos x="7032.345215" z="13827.091797" a="0" y="17.401453" group="Police8"/>
		<pos x="3476.910889" z="4863.691895" a="0" y="32.097652" group="Police9"/>
		<pos x="5002.008301" z="6342.842773" a="0" y="10.590029" group="Police10"/>
	</event>	
	<event name="StaticWreckedTrains">
		<zone smin="0" smax="1" dmin="0" dmax="0" r="40" />
    	<pos x="5960.517578" z="6327.681641" a="0" y="22.901196" group="Train1"/>
		<pos x="4321.183594" z="5918.104980" a="0" y="22.851048" group="Train2"/>
		<pos x="3569.234131" z="5050.499023" a="0" y="23.421591" group="Train3"/>
		<pos x="3394.566406" z="3378.132324" a="0" y="7.832150" group="Train4"/>
		<pos x="3604.093018" z="8096.916504" a="0" y="14.695881" group="Train5"/>
		<pos x="4334.195313" z="11136.924805" a="0" y="10.444693" group="Train6"/>
		<pos x="10613.415039" z="11668.117188" a="0" y="8.037685" group="Train7"/>
		<pos x="8964.531250" z="12637.794922" a="0" y="7.977860" group="Train8"/>
		<pos x="6687.965820" z="13550.395508" a="0" y="7.881456" group="Train9"/>
	</event>		
	<event name="StaticScientist">
		<zone smin="0" smax="0" dmin="1" dmax="1" r="20" />		
		<pos x="14073.36" y="171.764725" z="15716.28" a="0" 		group="Scientist"/>
		<pos x="13855.63" y="2.680000"   z="12654.31" a="119.4437"  group="Scientist"/>
		<pos x="14467.78" y="280.337799" z="15681.36" a="78.63846"  group="Scientist"/>
		<pos x="15568.67" y="235.720001" z="13837.29" a="204.7857"  group="Scientist"/>
		<pos x="13422.39" y="158.775162" z="13035.44" a="327.5133"  group="Scientist"/>
		<pos x="12835.39" y="3.037384"   z="12917.09" a="360" 		group="Scientist"/>
		<pos x="13511.98" y="196.405045" z="14745.05" a="235.3387"	group="Scientist"/>
		<pos x="14723.05" y="251.536926" z="13777.5"  a="217.1616" 	group="Scientist"/>
		<pos x="14942.45" y="187.293350" z="13602.87" a="73.86858" 	group="Scientist"/>			
	</event>	
	<event name="StaticAirplaneCrate">
		<zone smin="0" smax="0" dmin="0" dmax="0" r="0" />
		<pos x="4260.953" z="7065.536" a="291.5459" />
		<pos x="3506.172" z="6797.697" a="0" />
		<pos x="7805.594" z="5860.783" a="0" />
		<pos x="6438.703" z="6395.35" a="291.5459" />
		<pos x="9260.25" z="4303.508" a="0" />
		<pos x="4375.922" z="10639.28" a="291.5459" />
		<pos x="5100.203" z="7135.317" a="291.5459" />
		<pos x="9409.391" z="11261.77" a="291.5459" />
		<pos x="5751.016" z="8732.201" a="291.5459" />
		<pos x="5185.359" z="8591.688" a="291.5459" />
		<pos x="10247" z="12299.83" a="291.5459" />
		<pos x="2454.359" z="7954.683" a="0" />
		<pos x="10805.02" z="11193.87" a="291.5459" />
		<pos x="9702.859" z="10917.95" a="291.5459" />
		<pos x="4311.609" z="12103.8" a="291.5459" />
		<pos x="6269.766" z="8377.918" a="291.5459" />
		<pos x="4370.781" z="8163.611" a="291.5459" />
		<pos x="4586.453" z="5223.385" a="0" />
		<pos x="4280.172" z="3758.758" a="0" />
		<pos x="4040.359" z="5249.648" a="0" />
		<pos x="3336.422" z="5459.144" a="0" />
		<pos x="3981.219" z="3266.954" a="0" />
		<pos x="5356.484" z="5433.982" a="0" />
		<pos x="9090.656" z="4921.339" a="291.5459" />
		<pos x="5358.063" z="12839.08" a="291.5459" />
		<pos x="9283.859" z="5956.746" a="291.5459" />
		<pos x="4353.016" z="5280.923" a="0" />
		<pos x="8962.766" z="5686.43" a="291.5459" />
		<pos x="9426.484" z="4394.378" a="291.5459" />
		<pos x="2662.188" z="7755.712" a="0" />
		<pos x="4266.938" z="6917.987" a="0" />
		<pos x="5680.5" z="8874.914" a="291.5459" />
		<pos x="6576" z="8317.421" a="291.5459" />
		<pos x="8471.5" z="4744.782" a="291.5459" />
		<pos x="3856.688" z="6787.292" a="0" />
		<pos x="2864.203" z="7855.281" a="0" />
		<pos x="6971.422" z="8509.611" a="291.5459" />
		<pos x="9369.578" z="5005.289" a="291.5459" />
		<pos x="8724.234" z="4715.864" a="0" />
		<pos x="7107.813" z="4386.851" a="0" />
		<pos x="4210.5" z="4333.282" a="0" />
		<pos x="7189.125" z="8355.259" a="291.5459" />
		<pos x="7079.141" z="8538.208" a="291.5459" />
		<pos x="6711.25" z="5133.368" a="0" />
		<pos x="8094.594" z="4978.434" a="291.5459" />
		<pos x="12304.28" z="7890.008" a="291.5459" />
		<pos x="10108.22" z="10626.94" a="291.5459" />
		<pos x="9665.406" z="12348.87" a="291.5459" />
		<pos x="4083.766" z="7898.802" a="291.5459" />
		<pos x="3025.328" z="7666.249" a="291.5459" />
		<pos x="6928.438" z="5279.675" a="291.5459" />
		<pos x="9944.781" z="10912.98" a="291.5459" />
		<pos x="7040.844" z="8991.789" a="291.5459" />
		<pos x="10819.39" z="11676.12" a="291.5459" />
		<pos x="5027.859" z="6898.255" a="291.5459" />
		<pos x="1630.094" z="11272.22" a="291.5459" />
		<pos x="9825.141" z="11721.1" a="291.5459" />
		<pos x="9866.797" z="12034.66" a="291.5459" />
		<pos x="6292.297" z="6334.99" a="291.5459" />
		<pos x="4611.281" z="7467.803" a="291.5459" />
		<pos x="5118.063" z="6243.111" a="291.5459" />
		<pos x="9532.938" z="11292.75" a="291.5459" />
		<pos x="980.4375" z="14728.05" a="291.5459" />
		<pos x="1915.859" z="15993.66" a="291.5459" />
		<pos x="1691.531" z="14784.72" a="291.5459" />
		<pos x="392.4688" z="15481.23" a="291.5459" />
		<pos x="1658.547" z="11316.37" a="291.5459" />
		<pos x="736.7969" z="12822.32" a="291.5459" />
		<pos x="680.4688" z="11128.07" a="291.5459" />
		<pos x="1547.563" z="14810.46" a="291.5459" />
		<pos x="1665.063" z="15075.88" a="291.5459" />
		<pos x="1649.094" z="15925.66" a="291.5459" />
		<pos x="1781.813" z="15523.6" a="291.5459" />
		<pos x="1373.219" z="15891.21" a="291.5459" />
		<pos x="1690.969" z="15334.18" a="291.5459" />
		<pos x="1148.141" z="14738.43" a="291.5459" />
		<pos x="1769.844" z="14905.32" a="291.5459" />
		<pos x="876.0625" z="14783.47" a="291.5459" />
		<pos x="599.3906" z="15534.31" a="291.5459" />
		<pos x="1087.875" z="15771.29" a="291.5459" />
		<pos x="692.625" z="12796.23" a="291.5459" />
		<pos x="572.1563" z="12772.48" a="291.5459" />
		<pos x="161.5781" z="11327.22" a="291.5459" />
		<pos x="236.0625" z="11339.28" a="291.5459" />
		<pos x="1345.047" z="14798.8" a="291.5459" />
		<pos x="323.4375" z="11316.78" a="291.5459" />
		<pos x="736.8125" z="12821.85" a="291.5459" />
		<pos x="537.1875" z="11210.55" a="291.5459" />
		<pos x="437.2969" z="11268.46" a="291.5459" />
		<pos x="847.7813" z="15625.37" a="291.5459" />
		<pos x="629.7031" z="12777.65" a="291.5459" />
		<pos x="1865.828" z="15727.21" a="291.5459" />
		<pos x="736.7969" z="12822.32" a="291.5459" />
		<pos x="2750.797" z="7889.353" a="291.5459" />
		<pos x="9034.5" z="7343.416" a="291.5459" />
		<pos x="3859.516" z="6488.904" a="0" />
		<pos x="7786.594" z="8574.643" a="291.5459" />
		<pos x="8974.031" z="8037.859" a="291.5459" />
		<pos x="7682.078" z="7407.193" a="291.5459" />
		<pos x="9510.953" z="7022.542" a="291.5459" />
		<pos x="10213.98" z="10659.54" a="291.5459" />
		<pos x="10132.5" z="10994" a="291.5459" />
		<pos x="10724.5" z="6156.304" a="291.5459" />
		<pos x="10242.5" z="11379.81" a="291.5459" />
		<pos x="7752.688" z="7743.995" a="291.5459" />
		<pos x="9470.359" z="7230.862" a="291.5459" />
		<pos x="9809.906" z="6745.241" a="291.5459" />
		<pos x="8511" z="7404.415" a="291.5459" />
		<pos x="7404.328" z="8633.114" a="291.5459" />
		<pos x="7906.234" z="8855.768" a="291.5459" />
		<pos x="8684.219" z="8706.766" a="291.5459" />
		<pos x="10226" z="8124.62" a="291.5459" />
		<pos x="10756.98" z="6626.677" a="291.5459" />
		<pos x="8609.094" z="8936.625" a="291.5459" />
	</event>	  
  <event name="VehicleATVCivil">
		<pos x="9673.734" z="5509.55" a="223.9942" />
		<pos x="5280.375" z="12434.05" a="0" />
		<pos x="5550.813" z="3802.51" a="273.6266" />
		<pos x="8976.25" z="4180.295" a="105.4529" />
		<pos x="8353.891" z="9260.121" a="93.07697" />
		<pos x="3160.313" z="7621.172" a="241.6556" />
		<pos x="7559.938" z="3926.76" a="349.9446" />
		<pos x="7213.406" z="1594.112" a="97.46013" />
		<pos x="3716" z="4769.24" a="258.0889" />
		<pos x="6617.922" z="6431.249" a="172.2311" />
		<pos x="5229.391" z="9101.396" a="238.9483" />
		<pos x="6644.594" z="6418.315" a="91.53" />
		<pos x="6612.672" z="1541.807" a="258.2857" />
		<pos x="8294.359" z="8797.802" a="216.0013" />
		<pos x="10145.17" z="10834.91" a="240.6243" />
		<pos x="5948.297" z="14255.04" a="0" />
		<pos x="6416.063" z="6591.305" a="137.295" />
		<pos x="2498.219" z="8054.764" a="50.40595" />
		<pos x="7547.484" z="3995.755" a="4.125307" />
		<pos x="8319.125" z="13357.65" a="102.4878" />
		<pos x="9745.953" z="4221.204" a="3.996353" />
		<pos x="7376" z="1423.479" a="179.972" />
		<pos x="3441.547" z="4834.763" a="197.2407" />
		<pos x="6078.313" z="13393.54" a="0" />
		<pos x="6799.703" z="1510.031" a="244.1049" />
		<pos x="4589.578" z="2742.139" a="96.42883" />
		<pos x="3258.875" z="6250.56" a="158.9528" />
		<pos x="4440.5" z="2802.819" a="315.2663" />
		<pos x="5273.875" z="12445.63" a="182.9311" />
		<pos x="4459.813" z="2785.381" a="311.27" />
		<pos x="8352.703" z="9241.859" a="272.3374" />
		<pos x="5600.391" z="3830.342" a="156.1846" />
		<pos x="10229.56" z="4911.422" a="173.5203" />
		<pos x="3366.563" z="6538.731" a="135.4902" />
		<pos x="5530.297" z="3843.481" a="83.27941" />
		<pos x="8320.375" z="13342.96" a="140.4569" />
		<pos x="6360.859" z="14801.24" a="110.8673" />
		<pos x="9562.563" z="10668.2" a="66.90715" />
		<pos x="8374.672" z="8898.171" a="219.2243" />
		<pos x="4188.297" z="7681.522" a="16.50117" />
		<pos x="9574.906" z="10638.46" a="64.97342" />
		<pos x="8445.031" z="9228.425" a="277.1073" />
		<pos x="8792.953" z="9409.548" a="186.2829" />
		<pos x="5633.109" z="9275.438" a="340.9205" />
		<pos x="4528.375" z="7093.428" a="239.7219" />
		<pos x="5991.453" z="14126.92" a="274.0744" />
		<pos x="6054.75" z="13394.14" a="0" />
		<pos x="6088.297" z="13365.78" a="142.7095" />
		<pos x="6399.188" z="6591.287" a="326.2241" />
		<pos x="9550.203" z="10657.72" a="249.5805" />
		<pos x="6286.125" z="14483.47" a="181.7709" />
		<pos x="5967.484" z="14086.15" a="179.1928" />
		<pos x="10042.16" z="10832.69" a="67.03607" />
		<pos x="9976.422" z="6810.083" a="240.2375" />
		<pos x="5923.469" z="14708.75" a="0" />
		<pos x="5460.172" z="7647.533" a="29.39273" />
  </event>  
  <event name="VehicleATVSTAG">
		<pos x="8774.594" z="3745.493" a="0" />
		<pos x="8579.188" z="6044.561" a="0" />
		<pos x="3778.953" z="9039.163" a="0" />
		<pos x="10009.72" z="12517.58" a="0" />
		<pos x="12969.98" z="1495.238" a="0" />
		<pos x="14207.34" z="2658.773" a="0" />
		<pos x="14447.34" z="5271.953" a="0" />
		<pos x="11044.08" z="10222.5" a="0" />
		<pos x="12558.16" z="7684.908" a="0" />
		<pos x="7230.234" z="11731" a="0" />
		<pos x="2483.578" z="3353.81" a="0" />
  </event>    

</eventposdef>