{
    "Areas": [	
		{ 	"AreaName": "Arctica", 
			"Type": "ContaminatedArea_Static", 
			"TriggerType": "ContaminatedTrigger",
			"Data": { 
				"Pos": [ 13221, 10, 15552 ],
				"Radius": 200,
				"PosHeight": 10,
				"NegHeight": 10,
				"InnerRingCount": 1,
				"InnerPartDist": 40,
				"OuterRingToggle": 1, 
				"OuterPartDist": 40, 
				"OuterOffset": 0, 
				"VerticalLayers": 0,
				"VerticalOffset": 0,
				"ParticleName": "graphics/particles/contaminated_area_gas_bigass"
				},
			"PlayerData": {
				"AroundPartName": "graphics/particles/contaminated_area_gas_around",
				"TinyPartName": "graphics/particles/contaminated_area_gas_around_tiny",
				"PPERequesterType": "PPERequester_ContaminatedAreaTint"
			}
		},
        { 	"AreaName": "BarringerCrater", 
			"Type": "ContaminatedArea_Static", 
			"TriggerType": "ContaminatedTrigger",
			"Data": { 
				"Pos": [ 13999, 50, 2157 ],
				"Radius": 400,
				"PosHeight": 60,
				"NegHeight": 50,
				"InnerRingCount": 5,
				"InnerPartDist": 40,
				"OuterRingToggle": true, 
				"OuterPartDist": 50, 
				"OuterOffset": 0, 
				"VerticalLayers": 2,
				"VerticalOffset": 0,
				"ParticleName": "graphics/particles/contaminated_area_gas_bigass"
				},
			"PlayerData": {
				"AroundPartName": "graphics/particles/contaminated_area_gas_around",
				"TinyPartName": "graphics/particles/contaminated_area_gas_around_tiny",
				"PPERequesterType": "PPERequester_ContaminatedAreaTint"
			}
		}
    ],

	"SafePositions":[
	[1602, 12328],	
	[1336, 12971],
	[1820, 13216],
	
	[2165, 14214],
	[2420, 14602],
	
	[4183, 15722],
	[3632, 15375],
	[4510, 15362],
	
	[11733, 9903],
	[11731, 9994],
	[12836, 9967],
	[12837, 9875],
	
	[3697, 10200],
	[4138, 10666],
	[4106, 10711],
	[3607, 10310]
	]
}
