<?xml version="1.0" encoding="UTF-8" standalone="yes"?>
<lists>
	<categories>
		<category name="tools"/>
		<category name="containers"/>
		<category name="clothes"/>
		<category name="lootdispatch"/>
		<category name="food"/>
		<category name="industrialfood"/>
		<category name="weapons"/>
		<category name="books"/>
		<category name="explosives"/>
		<category name="KMUCKeycard"/>		
	</categories>
	<tags>
		<tag name="floor"/>
		<tag name="shelves"/>
		<tag name="ground"/>
	</tags>
	<usageflags>
		<usage name="Military"/>
		<usage name="Police"/>
		<usage name="Medic"/>
		<usage name="Firefighter"/>
		<usage name="Industrial"/>
		<usage name="Farm"/>
		<usage name="Coast"/>
		<usage name="Town"/>
		<usage name="Village"/>
		<usage name="Hunting"/>
		<usage name="Office"/>
		<usage name="School"/>
		<usage name="Prison"/>
		<usage name="Lunapark"/>
		<usage name="SeasonalEvent"/>		
		<usage name="ContaminatedArea"/>		
		<usage name="Crypt" />		
		<usage name="TempleMjHandle" />		
		<usage name="TempleMjHead" />		
		<usage name="PlantsA" />	
		<usage name="PlantsB" />	
		<usage name="PlantsC" />		
		<usage name="Special"/>
		<usage name="SMK"/>        
		<usage name="Staff"/>        
        <usage name="Underground"/>			
		<usage name="Fortknox"/>
        <usage name="Mine"/>
        <usage name="Temple"/>
        <usage name="Historical"/>		
	</usageflags>
	<valueflags>
		<value name="Tier1"/>
		<value name="Tier2"/>
		<value name="Tier3"/>
		<value name="Tier4"/>
		<value name="Tier5"/>
		<value name="Tier6"/>
		<value name="Tier7"/>
		<value name="Tier8"/>
		<value name="Tier9"/>		
		<value name="Unique"/>
	</valueflags>
</lists>
