<?xml version="1.0" encoding="UTF-8" standalone="yes"?>
<user_lists>
    <usageflags>
        <user name="TownVillage">
            <usage name="Town" />
            <usage name="Village" />
        </user>
        <user name="TownVillageOfficeSchool">
            <usage name="Town" />
            <usage name="Village" />
            <usage name="Office" />
            <usage name="School" />
        </user>
    </usageflags>
    <valueflags>        
        <user name="Tier1234">
            <value name="Tier1" />
            <value name="Tier2" />
            <value name="Tier3" />
            <value name="Tier4" />
        </user>
    </valueflags>
</user_lists>
