﻿<?xml version="1.0" encoding="utf-8"?>
<playerspawnpoints>
  <fresh>
    <!-- runtime parameters used when player is spawning -->
    <spawn_params>
      <!-- used to rate point against infected -->
      <min_dist_infected>30.0</min_dist_infected>
      <max_dist_infected>70.0</max_dist_infected>
      <!-- used to rate point against other players -->
      <min_dist_player>25.0</min_dist_player>
      <max_dist_player>70.0</max_dist_player>
      <!-- used to rate point against buildings -->
      <min_dist_static>0.5</min_dist_static>
      <max_dist_static>2.0</max_dist_static>
    </spawn_params>
    <generator_params>
      <grid_density>8</grid_density>
      <!-- total width of grid in metres -->
      <grid_width>40.0</grid_width>
      <!-- total height of grid in metres -->
      <grid_height>40.0</grid_height>
      <!--  minimum distance from buildings for valid spawn point -->
      <min_dist_static>0.5</min_dist_static>
      <!--  maximum distance from buildings used to rate valid spawn point -->
      <max_dist_static>2.0</max_dist_static>
      <!-- terrain slope limits for valid spawn point -->
      <min_steepness>-45</min_steepness>
      <max_steepness>45</max_steepness>
    </generator_params>
    <!-- centers for grids of spawn points -->
    <generator_posbubbles>	
		<pos x="8904.063" z="2408.413"/>
		<pos x="8744.266" z="2561.806"/>
		<pos x="6117.797" z="987.0872"/>
		<pos x="6348.313" z="1080.715"/>
		<pos x="5950.766" z="1119.078"/>
		<pos x="5790.406" z="1588.942"/>
		<pos x="7208.266" z="1384.934"/>
		<pos x="6420.078" z="1584.117"/>
		<pos x="7818.969" z="1529.154"/>
		<pos x="6120.969" z="1795.155"/>
		<pos x="7377.875" z="1422.687"/>
		<pos x="5934.922" z="1447.913"/>
		<pos x="8233.172" z="2545.118"/>
		<pos x="7687.406" z="2093.197"/>
		<pos x="8109.844" z="2385.38"/>
		<pos x="6190.297" z="1527.3"/>
		<pos x="7316.703" z="1691.83"/>
		<pos x="7661.438" z="1916.445"/>
		<pos x="7542.531" z="1551.447"/>
		<pos x="6332.219" z="955.5996"/>
		<pos x="8197.563" z="1682.106"/>
		<pos x="8801.984" z="2127.477"/>
		<pos x="5907.344" z="789.1557"/>
		<pos x="6349.078" z="1756.14"/>
		<pos x="6160.125" z="864.5811"/>
		<pos x="5999.922" z="1015.752"/>
		<pos x="6047.063" z="1430.554"/>
		<pos x="5897.906" z="1775.014"/>
		<pos x="5838.734" z="996.042"/>
		<pos x="7260.531" z="1414.167"/>
		<pos x="8619.109" z="1844.156"/>
		<pos x="7091.625" z="1866.609"/>
		<pos x="6586.297" z="2563.466"/>
		<pos x="6611.641" z="1344.473"/>
		<pos x="5523.828" z="834.3649"/>
		<pos x="6041.328" z="2142.734"/>
		<pos x="5113.672" z="605.7552"/>
		<pos x="7839.625" z="1988.1"/>
		<pos x="5243.734" z="827.5898"/>
		<pos x="8452.391" z="2088.72"/>
		<pos x="6350.766" z="2489.887"/>
		<pos x="7136.016" z="2497.756"/>
		<pos x="7505.828" z="2391.661"/>
    </generator_posbubbles>
  </fresh>
  <hop>
    <generator_posbubbles>
		<pos x="8904.063" z="2408.413"/>
		<pos x="8744.266" z="2561.806"/>
		<pos x="6117.797" z="987.0872"/>
		<pos x="6348.313" z="1080.715"/>
		<pos x="5950.766" z="1119.078"/>
		<pos x="5790.406" z="1588.942"/>
		<pos x="7208.266" z="1384.934"/>
		<pos x="6420.078" z="1584.117"/>
		<pos x="7818.969" z="1529.154"/>
		<pos x="6120.969" z="1795.155"/>
		<pos x="7377.875" z="1422.687"/>
		<pos x="5934.922" z="1447.913"/>
		<pos x="8233.172" z="2545.118"/>
		<pos x="7687.406" z="2093.197"/>
		<pos x="8109.844" z="2385.38"/>
		<pos x="6190.297" z="1527.3"/>
		<pos x="7316.703" z="1691.83"/>
		<pos x="7661.438" z="1916.445"/>
		<pos x="7542.531" z="1551.447"/>
		<pos x="6332.219" z="955.5996"/>
		<pos x="8197.563" z="1682.106"/>
		<pos x="8801.984" z="2127.477"/>
		<pos x="5907.344" z="789.1557"/>
		<pos x="6349.078" z="1756.14"/>
		<pos x="6160.125" z="864.5811"/>
		<pos x="5999.922" z="1015.752"/>
		<pos x="6047.063" z="1430.554"/>
		<pos x="5897.906" z="1775.014"/>
		<pos x="5838.734" z="996.042"/>
		<pos x="7260.531" z="1414.167"/>
		<pos x="8619.109" z="1844.156"/>
		<pos x="7091.625" z="1866.609"/>
		<pos x="6586.297" z="2563.466"/>
		<pos x="6611.641" z="1344.473"/>
		<pos x="5523.828" z="834.3649"/>
		<pos x="6041.328" z="2142.734"/>
		<pos x="5113.672" z="605.7552"/>
		<pos x="7839.625" z="1988.1"/>
		<pos x="5243.734" z="827.5898"/>
		<pos x="8452.391" z="2088.72"/>
		<pos x="6350.766" z="2489.887"/>
		<pos x="7136.016" z="2497.756"/>
		<pos x="7505.828" z="2391.661"/>
    </generator_posbubbles>
  </hop>
  <travel>
    <generator_posbubbles>
		<pos x="8904.063" z="2408.413"/>
		<pos x="8744.266" z="2561.806"/>
		<pos x="6117.797" z="987.0872"/>
		<pos x="6348.313" z="1080.715"/>
		<pos x="5950.766" z="1119.078"/>
		<pos x="5790.406" z="1588.942"/>
		<pos x="7208.266" z="1384.934"/>
		<pos x="6420.078" z="1584.117"/>
		<pos x="7818.969" z="1529.154"/>
		<pos x="6120.969" z="1795.155"/>
		<pos x="7377.875" z="1422.687"/>
		<pos x="5934.922" z="1447.913"/>
		<pos x="8233.172" z="2545.118"/>
		<pos x="7687.406" z="2093.197"/>
		<pos x="8109.844" z="2385.38"/>
		<pos x="6190.297" z="1527.3"/>
		<pos x="7316.703" z="1691.83"/>
		<pos x="7661.438" z="1916.445"/>
		<pos x="7542.531" z="1551.447"/>
		<pos x="6332.219" z="955.5996"/>
		<pos x="8197.563" z="1682.106"/>
		<pos x="8801.984" z="2127.477"/>
		<pos x="5907.344" z="789.1557"/>
		<pos x="6349.078" z="1756.14"/>
		<pos x="6160.125" z="864.5811"/>
		<pos x="5999.922" z="1015.752"/>
		<pos x="6047.063" z="1430.554"/>
		<pos x="5897.906" z="1775.014"/>
		<pos x="5838.734" z="996.042"/>
		<pos x="7260.531" z="1414.167"/>
		<pos x="8619.109" z="1844.156"/>
		<pos x="7091.625" z="1866.609"/>
		<pos x="6586.297" z="2563.466"/>
		<pos x="6611.641" z="1344.473"/>
		<pos x="5523.828" z="834.3649"/>
		<pos x="6041.328" z="2142.734"/>
		<pos x="5113.672" z="605.7552"/>
		<pos x="7839.625" z="1988.1"/>
		<pos x="5243.734" z="827.5898"/>
		<pos x="8452.391" z="2088.72"/>
		<pos x="6350.766" z="2489.887"/>
		<pos x="7136.016" z="2497.756"/>
		<pos x="7505.828" z="2391.661"/>
    </generator_posbubbles>
  </travel>
</playerspawnpoints>