<?xml version="1.0" encoding="UTF-8"?>
<territory-type>
    <territory color="4278190080">
        <zone name="HuntingGround" smin="0" smax="0" dmin="0" dmax="0" x="13646.7" z="15136" r="400"/>
    </territory>
    <territory color="4278190080">
        <zone name="HuntingGround" smin="0" smax="0" dmin="0" dmax="0" x="14392" z="15485.3" r="400"/>
    </territory>
    <territory color="2583691008">
        <zone name="HuntingGround" smin="0" smax="0" dmin="0" dmax="0" x="13108" z="14490.7" r="400"/>
    </territory>
    <territory color="4278190080">
        <zone name="HuntingGround" smin="0" smax="0" dmin="0" dmax="0" x="14160" z="13708" r="400"/>
    </territory>
    <territory color="4278190080">
        <zone name="HuntingGround" smin="0" smax="0" dmin="0" dmax="0" x="14925.3" z="13974.7" r="400"/>
    </territory>
    <territory color="4278190080">
        <zone name="HuntingGround" smin="0" smax="0" dmin="0" dmax="0" x="15234.7" z="15690.7" r="300"/>
    </territory>
    <territory color="4278190080">
        <zone name="HuntingGround" smin="0" smax="0" dmin="0" dmax="0" x="13388" z="13077.3" r="400"/>
    </territory>
</territory-type>
