<?xml version="1.0" encoding="UTF-8"?>
<territory-type>
    <territory color="4278190080">
        <zone name="Graze" smin="0" smax="0" dmin="1" dmax="2" x="4672" z="2005.33" r="500"/>
        <zone name="Graze" smin="0" smax="0" dmin="1" dmax="2" x="3856" z="3013.33" r="400"/>
        <zone name="Graze" smin="0" smax="0" dmin="1" dmax="2" x="4048" z="3802.67" r="400"/>
    </territory>
    <territory color="1090576876">
        <zone name="Graze" smin="0" smax="0" dmin="1" dmax="2" x="4154.33" z="8393.34" r="400"/>
        <zone name="Graze" smin="0" smax="0" dmin="1" dmax="2" x="2427.67" z="7314.66" r="400"/>
        <zone name="Rest" smin="0" smax="0" dmin="1" dmax="2" x="3192.33" z="7376" r="300"/>
        <zone name="Rest" smin="0" smax="0" dmin="1" dmax="2" x="5712.05" z="6997.56" r="400"/>
        <zone name="Rest" smin="0" smax="0" dmin="1" dmax="2" x="4008" z="7160.5" r="400"/>
    </territory>
    <territory color="1090576876">
        <zone name="Graze" smin="0" smax="0" dmin="1" dmax="2" x="10260.2" z="5182.03" r="400"/>
        <zone name="Graze" smin="0" smax="0" dmin="1" dmax="2" x="9651.53" z="5549.83" r="400"/>
        <zone name="Graze" smin="0" smax="0" dmin="1" dmax="2" x="9751.73" z="4717.33" r="400"/>
    </territory>
    <territory color="1090576876">
        <zone name="Graze" smin="0" smax="0" dmin="1" dmax="2" x="8421" z="12289.8" r="400"/>
        <zone name="Graze" smin="0" smax="0" dmin="1" dmax="2" x="8805.64" z="13084.4" r="400"/>
        <zone name="Rest" smin="0" smax="0" dmin="1" dmax="2" x="8455.07" z="11475.2" r="400"/>
        <zone name="Water" smin="0" smax="0" dmin="1" dmax="2" x="7694.86" z="11838.2" r="400"/>
    </territory>
    <territory color="1090576876">
        <zone name="Graze" smin="0" smax="0" dmin="1" dmax="2" x="12718.5" z="3590.28" r="400"/>
        <zone name="Graze" smin="0" smax="0" dmin="1" dmax="2" x="11252.8" z="3048.87" r="400"/>
        <zone name="Graze" smin="0" smax="0" dmin="1" dmax="2" x="12278.8" z="2798.78" r="400"/>
        <zone name="Rest" smin="0" smax="0" dmin="1" dmax="2" x="10445.4" z="2472.36" r="400"/>
        <zone name="Rest" smin="0" smax="0" dmin="1" dmax="2" x="11895.4" z="2022.28" r="400"/>
    </territory>
    <territory color="2298544127">
        <zone name="Graze" smin="0" smax="0" dmin="1" dmax="2" x="10170.7" z="6592" r="300"/>
        <zone name="Graze" smin="0" smax="0" dmin="1" dmax="2" x="10698.7" z="6218.67" r="300"/>
        <zone name="Graze" smin="0" smax="0" dmin="1" dmax="2" x="9061.33" z="7301.33" r="300"/>
        <zone name="Graze" smin="0" smax="0" dmin="1" dmax="2" x="9664" z="7072" r="300"/>
        <zone name="Graze" smin="0" smax="0" dmin="1" dmax="2" x="7468" z="4848" r="300"/>
        <zone name="Graze" smin="0" smax="0" dmin="1" dmax="2" x="6872" z="3372" r="300"/>
        <zone name="Graze" smin="0" smax="0" dmin="1" dmax="2" x="7600" z="3324" r="300"/>
        <zone name="Graze" smin="0" smax="0" dmin="1" dmax="2" x="7228" z="4012" r="400"/>
    </territory>
</territory-type>
