<?xml version="1.0" encoding="UTF-8"?>
<territory-type>
    <territory color="4283782655">
        <zone name="Graze" smin="0" smax="0" dmin="2" dmax="3" x="1602" z="15672" r="300"/>
        <zone name="Graze" smin="0" smax="0" dmin="2" dmax="3" x="912" z="15228" r="300"/>
    </territory>
    <territory color="1711276287">
        <zone name="Graze" smin="0" smax="0" dmin="2" dmax="3" x="9560.06" z="9869.71" r="400"/>
        <zone name="Rest" smin="0" smax="0" dmin="2" dmax="3" x="8595.89" z="8869.4" r="400"/>
        <zone name="Graze" smin="0" smax="0" dmin="2" dmax="3" x="9490.3" z="8930.8" r="400"/>
    </territory>
    <territory color="1912602879">
        <zone name="Graze" smin="0" smax="0" dmin="2" dmax="3" x="7096" z="7224" r="500"/>
    </territory>
    <territory color="2063597823">
        <zone name="Graze" smin="0" smax="0" dmin="2" dmax="3" x="2920.75" z="8144" r="400"/>
        <zone name="Rest" smin="0" smax="0" dmin="2" dmax="3" x="2164.3" z="8618.71" r="400"/>
        <zone name="Rest" smin="0" smax="0" dmin="2" dmax="3" x="2920" z="9021.67" r="400"/>
    </territory>
    <territory color="1946157311">
        <zone name="Rest" smin="0" smax="0" dmin="2" dmax="3" x="9336" z="5452" r="300"/>
        <zone name="Rest" smin="0" smax="0" dmin="2" dmax="3" x="9196" z="4828" r="300"/>
    </territory>
</territory-type>
