<?xml version="1.0" encoding="UTF-8"?>
<territory-type>
    <territory color="2809946700">
        <zone name="InfectedVillage" smin="0" smax="0" dmin="7" dmax="13" x="5585.29" z="7811.53" r="80"/>
        <zone name="InfectedVillage" smin="0" smax="0" dmin="10" dmax="15" x="7329.96" z="8519.09" r="200"/>
        <zone name="InfectedVillage" smin="0" smax="0" dmin="7" dmax="13" x="6969.67" z="5444" r="80"/>
        <zone name="InfectedVillage" smin="0" smax="0" dmin="7" dmax="13" x="5944.25" z="7052.75" r="140"/>
        <zone name="InfectedVillage" smin="0" smax="0" dmin="7" dmax="13" x="6535.67" z="6628" r="80"/>
        <zone name="InfectedVillage" smin="0" smax="0" dmin="10" dmax="20" x="6297.1" z="2079.71" r="250"/>
        <zone name="InfectedVillage" smin="0" smax="0" dmin="10" dmax="20" x="4756.92" z="4431.83" r="200"/>
        <zone name="InfectedVillage" smin="0" smax="0" dmin="7" dmax="13" x="10027.3" z="10262" r="80"/>
        <zone name="InfectedVillage" smin="0" smax="0" dmin="5" dmax="8" x="10134.2" z="12078.8" r="120"/>
        <zone name="InfectedVillage" smin="0" smax="0" dmin="4" dmax="8" x="5287.8" z="7503.83" r="80"/>
        <zone name="InfectedVillage" smin="0" smax="0" dmin="3" dmax="6" x="8854.54" z="4177.36" r="75"/>
        <zone name="InfectedVillage" smin="0" smax="0" dmin="5" dmax="10" x="8920" z="9725.99" r="130"/>
        <zone name="InfectedVillage" smin="0" smax="0" dmin="7" dmax="13" x="2253.33" z="8096.67" r="130"/>
        <zone name="InfectedVillage" smin="0" smax="0" dmin="5" dmax="10" x="8033" z="8939.67" r="130"/>
        <zone name="InfectedVillage" smin="0" smax="0" dmin="10" dmax="20" x="4748.38" z="1516.15" r="200"/>
        <zone name="InfectedVillage" smin="0" smax="0" dmin="10" dmax="15" x="10351" z="7873.06" r="200"/>
        <zone name="InfectedVillage" smin="0" smax="0" dmin="10" dmax="15" x="9985.06" z="6826.67" r="100"/>
        <zone name="InfectedVillage" smin="0" smax="0" dmin="10" dmax="15" x="9057.07" z="7792.53" r="200"/>
        <zone name="InfectedSolitude" smin="0" smax="0" dmin="2" dmax="4" x="9073.07" z="7177.6" r="50"/>
        <zone name="InfectedSolitude" smin="0" smax="0" dmin="2" dmax="4" x="9177.6" z="7132.8" r="50"/>
        <zone name="InfectedVillage" smin="0" smax="0" dmin="10" dmax="15" x="9553.07" z="7589.33" r="200"/>
        <zone name="InfectedVillage" smin="0" smax="0" dmin="5" dmax="8" x="10007.1" z="3564.44" r="75"/>
        <zone name="InfectedVillage" smin="0" smax="0" dmin="8" dmax="12" x="9692.44" z="4141.33" r="75"/>
        <zone name="InfectedVillage" smin="0" smax="0" dmin="3" dmax="6" x="9790.22" z="4684.27" r="90"/>
        <zone name="InfectedVillage" smin="0" smax="0" dmin="2" dmax="4" x="9925.16" z="4333.69" r="50"/>
        <zone name="InfectedVillage" smin="0" smax="0" dmin="1" dmax="2" x="9967.5" z="4529.96" r="50"/>
        <zone name="InfectedVillage" smin="0" smax="0" dmin="2" dmax="4" x="10262.3" z="4669.42" r="70"/>
        <zone name="InfectedVillage" smin="0" smax="0" dmin="5" dmax="10" x="10210.8" z="5197.69" r="150"/>
        <zone name="InfectedVillage" smin="0" smax="0" dmin="3" dmax="5" x="10337.6" z="5576.36" r="60"/>
        <zone name="InfectedVillage" smin="0" smax="0" dmin="6" dmax="12" x="9584.71" z="5802.49" r="150"/>
        <zone name="InfectedVillage" smin="0" smax="0" dmin="2" dmax="4" x="9615.11" z="5422.58" r="100"/>
        <zone name="InfectedVillage" smin="0" smax="0" dmin="3" dmax="6" x="9139.04" z="5188.77" r="100"/>
        <zone name="InfectedVillage" smin="0" smax="0" dmin="1" dmax="3" x="8711.89" z="5068.44" r="60"/>
        <zone name="InfectedVillage" smin="0" smax="0" dmin="2" dmax="4" x="10004.8" z="5540.8" r="100"/>
        <zone name="InfectedVillage" smin="0" smax="0" dmin="2" dmax="4" x="10547.7" z="4467.56" r="50"/>
        <zone name="InfectedVillage" smin="0" smax="0" dmin="2" dmax="4" x="10467.7" z="4647.11" r="50"/>
        <zone name="InfectedVillage" smin="0" smax="0" dmin="2" dmax="4" x="8945.78" z="3376.18" r="75"/>
        <zone name="InfectedVillage" smin="0" smax="0" dmin="2" dmax="4" x="9157.33" z="3351.11" r="75"/>
        <zone name="InfectedVillage" smin="0" smax="0" dmin="2" dmax="4" x="9584" z="3178.67" r="75"/>
        <zone name="InfectedVillage" smin="0" smax="0" dmin="7" dmax="13" x="6386.67" z="6760" r="80"/>
        <zone name="InfectedVillage" smin="0" smax="0" dmin="7" dmax="13" x="7309.33" z="7008" r="80"/>
        <zone name="InfectedVillage" smin="0" smax="0" dmin="7" dmax="13" x="7325.33" z="7784" r="80"/>
        <zone name="InfectedVillage" smin="0" smax="0" dmin="7" dmax="13" x="5808" z="8301.33" r="80"/>
        <zone name="InfectedVillage" smin="0" smax="0" dmin="4" dmax="6" x="10690.7" z="8096.53" r="75"/>
        <zone name="InfectedVillage" smin="0" smax="0" dmin="4" dmax="8" x="9874.67" z="7837.33" r="75"/>
        <zone name="InfectedVillage" smin="0" smax="0" dmin="3" dmax="6" x="9318.86" z="10836.6" r="80"/>
        <zone name="InfectedVillage" smin="0" smax="0" dmin="3" dmax="6" x="9213.71" z="10978.3" r="80"/>
        <zone name="InfectedVillage" smin="0" smax="0" dmin="4" dmax="8" x="9300.57" z="11572.6" r="80"/>
        <zone name="InfectedVillage" smin="0" smax="0" dmin="4" dmax="8" x="9346.29" z="11755.4" r="80"/>
        <zone name="InfectedVillage" smin="0" smax="0" dmin="3" dmax="6" x="9385.14" z="12246.9" r="80"/>
        <zone name="InfectedVillage" smin="0" smax="0" dmin="7" dmax="13" x="5248.38" z="12260.6" r="80"/>
        <zone name="InfectedVillage" smin="0" smax="0" dmin="4" dmax="8" x="9522.67" z="8029.33" r="80"/>
        <zone name="InfectedVillage" smin="0" smax="0" dmin="7" dmax="13" x="13770.7" z="3904" r="80"/>
        <zone name="InfectedVillage" smin="0" smax="0" dmin="7" dmax="13" x="12552" z="3744" r="80"/>
    </territory>
    <territory color="1910952871">
        <zone name="InfectedSolitude" smin="0" smax="0" dmin="3" dmax="6" x="10357.4" z="4389.1" r="120"/>
        <zone name="InfectedSolitude" smin="0" smax="0" dmin="3" dmax="6" x="9817.53" z="4478.33" r="100"/>
        <zone name="InfectedSolitude" smin="0" smax="0" dmin="2" dmax="6" x="9368.67" z="9117.33" r="100"/>
        <zone name="InfectedSolitude" smin="0" smax="0" dmin="5" dmax="8" x="5439.3" z="7659.41" r="120"/>
        <zone name="InfectedSolitude" smin="0" smax="0" dmin="3" dmax="6" x="6305.71" z="14343" r="100"/>
        <zone name="InfectedSolitude" smin="0" smax="0" dmin="2" dmax="4" x="9385.33" z="5256" r="80"/>
        <zone name="InfectedSolitude" smin="0" smax="0" dmin="1" dmax="4" x="6205.24" z="6909.77" r="120"/>
        <zone name="InfectedSolitude" smin="0" smax="0" dmin="2" dmax="5" x="9147.83" z="9491.5" r="80"/>
        <zone name="InfectedSolitude" smin="0" smax="0" dmin="2" dmax="6" x="9065.17" z="9196" r="90"/>
        <zone name="InfectedSolitude" smin="0" smax="0" dmin="2" dmax="6" x="8909.67" z="9447.33" r="60"/>
        <zone name="InfectedSolitude" smin="0" smax="0" dmin="1" dmax="4" x="7046.33" z="7157.33" r="80"/>
        <zone name="InfectedSolitude" smin="0" smax="0" dmin="2" dmax="5" x="5523" z="7257" r="80"/>
        <zone name="InfectedSolitude" smin="0" smax="0" dmin="1" dmax="4" x="7111.67" z="5272.33" r="80"/>
        <zone name="InfectedSolitude" smin="0" smax="0" dmin="3" dmax="6" x="9758.33" z="5582.25" r="80"/>
        <zone name="InfectedSolitude" smin="0" smax="0" dmin="6" dmax="10" x="6548.74" z="3891.4" r="150"/>
        <zone name="InfectedSolitude" smin="0" smax="0" dmin="2" dmax="4" x="7150.76" z="4791.76" r="50"/>
        <zone name="InfectedSolitude" smin="0" smax="0" dmin="5" dmax="10" x="5463" z="8481.33" r="250"/>
        <zone name="InfectedSolitude" smin="0" smax="0" dmin="1" dmax="4" x="6970.67" z="5863.67" r="100"/>
        <zone name="InfectedSolitude" smin="0" smax="0" dmin="7" dmax="10" x="7299.14" z="2406.52" r="250"/>
        <zone name="InfectedSolitude" smin="0" smax="0" dmin="5" dmax="10" x="4983.63" z="2096.55" r="200"/>
        <zone name="InfectedSolitude" smin="0" smax="0" dmin="2" dmax="5" x="4486.58" z="3221.53" r="80"/>
        <zone name="InfectedSolitude" smin="0" smax="0" dmin="7" dmax="10" x="7540.24" z="3882.91" r="175"/>
        <zone name="InfectedSolitude" smin="0" smax="0" dmin="3" dmax="6" x="8558.76" z="5036.99" r="80"/>
        <zone name="InfectedSolitude" smin="0" smax="0" dmin="3" dmax="6" x="10218" z="5454.38" r="80"/>
        <zone name="InfectedSolitude" smin="0" smax="0" dmin="4" dmax="6" x="5968.05" z="8454.14" r="100"/>
        <zone name="InfectedSolitude" smin="0" smax="0" dmin="6" dmax="15" x="10368" z="12008" r="100"/>
        <zone name="InfectedSolitude" smin="0" smax="0" dmin="4" dmax="8" x="3197.33" z="10676.8" r="80"/>
        <zone name="InfectedSolitude" smin="0" smax="0" dmin="5" dmax="10" x="1678.4" z="11278.4" r="100"/>
        <zone name="InfectedSolitude" smin="0" smax="0" dmin="5" dmax="8" x="1264" z="12722.7" r="100"/>
        <zone name="InfectedSolitude" smin="0" smax="0" dmin="4" dmax="8" x="2508" z="13958.7" r="75"/>
        <zone name="InfectedSolitude" smin="0" smax="0" dmin="4" dmax="8" x="3047.07" z="13488" r="75"/>
        <zone name="InfectedSolitude" smin="0" smax="0" dmin="8" dmax="12" x="3639.33" z="13569.3" r="100"/>
        <zone name="InfectedSolitude" smin="0" smax="0" dmin="5" dmax="10" x="1495.2" z="15823.6" r="75"/>
        <zone name="InfectedSolitude" smin="0" smax="0" dmin="8" dmax="12" x="1143.6" z="15508.8" r="100"/>
        <zone name="InfectedSolitude" smin="0" smax="0" dmin="10" dmax="20" x="3802" z="9752" r="100"/>
        <zone name="InfectedSolitude" smin="0" smax="0" dmin="5" dmax="10" x="1248" z="15776" r="100"/>
        <zone name="InfectedSolitude" smin="0" smax="0" dmin="5" dmax="10" x="7428.57" z="3307.43" r="150"/>
        <zone name="InfectedSolitude" smin="0" smax="0" dmin="3" dmax="6" x="7801.14" z="3792" r="75"/>
        <zone name="InfectedSolitude" smin="0" smax="0" dmin="15" dmax="20" x="3727.09" z="3181.34" r="300"/>
        <zone name="InfectedSolitude" smin="0" smax="0" dmin="5" dmax="10" x="3915.43" z="4826.06" r="150"/>
        <zone name="InfectedSolitude" smin="0" smax="0" dmin="5" dmax="10" x="3629.26" z="5512" r="200"/>
        <zone name="InfectedSolitude" smin="0" smax="0" dmin="5" dmax="10" x="3528.84" z="5925.49" r="200"/>
        <zone name="InfectedSolitude" smin="0" smax="0" dmin="15" dmax="20" x="1921.14" z="8988.8" r="250"/>
        <zone name="InfectedSolitude" smin="0" smax="0" dmin="8" dmax="15" x="2381.71" z="8710.63" r="250"/>
        <zone name="InfectedSolitude" smin="0" smax="0" dmin="5" dmax="10" x="3590.06" z="7218.51" r="250"/>
        <zone name="InfectedSolitude" smin="0" smax="0" dmin="5" dmax="10" x="4934.38" z="8483.38" r="250"/>
        <zone name="InfectedSolitude" smin="0" smax="0" dmin="5" dmax="8" x="5148.57" z="8046.86" r="100"/>
        <zone name="InfectedSolitude" smin="0" smax="0" dmin="4" dmax="8" x="7238.86" z="4484.57" r="100"/>
        <zone name="InfectedSolitude" smin="0" smax="0" dmin="12" dmax="18" x="7203.81" z="5074.29" r="120"/>
        <zone name="InfectedSolitude" smin="0" smax="0" dmin="4" dmax="6" x="7090.67" z="8768" r="100"/>
        <zone name="InfectedSolitude" smin="0" smax="0" dmin="15" dmax="20" x="6648.53" z="8486.93" r="350"/>
        <zone name="InfectedSolitude" smin="0" smax="0" dmin="3" dmax="6" x="8018.13" z="8649.07" r="100"/>
        <zone name="InfectedSolitude" smin="0" smax="0" dmin="3" dmax="6" x="10496" z="6376" r="100"/>
        <zone name="InfectedSolitude" smin="0" smax="0" dmin="3" dmax="6" x="9629.33" z="7077.33" r="100"/>
        <zone name="InfectedSolitude" smin="0" smax="0" dmin="3" dmax="6" x="11336" z="7890.66" r="100"/>
        <zone name="InfectedSolitude" smin="0" smax="0" dmin="3" dmax="6" x="13573.3" z="6666.67" r="100"/>
        <zone name="InfectedSolitude" smin="0" smax="0" dmin="3" dmax="6" x="13549.3" z="6245.33" r="100"/>
        <zone name="InfectedSolitude" smin="0" smax="0" dmin="3" dmax="6" x="13541.3" z="5829.33" r="100"/>
        <zone name="InfectedSolitude" smin="0" smax="0" dmin="3" dmax="6" x="13416" z="7045.33" r="100"/>
        <zone name="InfectedSolitude" smin="0" smax="0" dmin="3" dmax="6" x="10009.1" z="10656" r="50"/>
        <zone name="InfectedSolitude" smin="0" smax="0" dmin="3" dmax="6" x="10126.5" z="10646.9" r="50"/>
        <zone name="InfectedSolitude" smin="0" smax="0" dmin="3" dmax="6" x="10240" z="10694.3" r="50"/>
        <zone name="InfectedSolitude" smin="0" smax="0" dmin="6" dmax="10" x="10050.3" z="10454.9" r="50"/>
        <zone name="InfectedSolitude" smin="0" smax="0" dmin="6" dmax="15" x="9522.07" z="10655.6" r="100"/>
        <zone name="InfectedSolitude" smin="0" smax="0" dmin="5" dmax="10" x="10955.5" z="11620.5" r="100"/>
        <zone name="InfectedSolitude" smin="0" smax="0" dmin="5" dmax="10" x="10829.7" z="11424" r="100"/>
        <zone name="InfectedSolitude" smin="0" smax="0" dmin="4" dmax="8" x="4969.14" z="10249.1" r="100"/>
        <zone name="InfectedSolitude" smin="0" smax="0" dmin="10" dmax="15" x="4368.46" z="11021.7" r="300"/>
        <zone name="InfectedSolitude" smin="0" smax="0" dmin="10" dmax="15" x="6719.14" z="13988.9" r="150"/>
        <zone name="InfectedSolitude" smin="0" smax="0" dmin="4" dmax="8" x="8978.67" z="10440" r="100"/>
        <zone name="InfectedSolitude" smin="0" smax="0" dmin="4" dmax="5" x="9346.66" z="9541.33" r="90"/>
        <zone name="InfectedSolitude" smin="0" smax="0" dmin="2" dmax="5" x="9709.33" z="9605.34" r="90"/>
        <zone name="InfectedSolitude" smin="0" smax="0" dmin="3" dmax="6" x="10037.3" z="9922.67" r="120"/>
        <zone name="InfectedSolitude" smin="0" smax="0" dmin="10" dmax="15" x="3592" z="7752" r="250"/>
        <zone name="InfectedSolitude" smin="0" smax="0" dmin="10" dmax="15" x="3583.2" z="8296" r="250"/>
        <zone name="InfectedSolitude" smin="0" smax="0" dmin="10" dmax="15" x="3408" z="8684" r="150"/>
        <zone name="InfectedSolitude" smin="0" smax="0" dmin="10" dmax="15" x="3500" z="9040" r="150"/>
        <zone name="InfectedSolitude" smin="0" smax="0" dmin="10" dmax="15" x="3564" z="9476" r="150"/>
        <zone name="InfectedSolitude" smin="0" smax="0" dmin="10" dmax="15" x="4074.4" z="9119.2" r="150"/>
        <zone name="InfectedSolitude" smin="0" smax="0" dmin="5" dmax="10" x="2920" z="9072" r="150"/>
        <zone name="InfectedSolitude" smin="0" smax="0" dmin="15" dmax="20" x="4169.6" z="6896.8" r="350"/>
        <zone name="InfectedSolitude" smin="0" smax="0" dmin="7" dmax="10" x="7498.86" z="1915.43" r="250"/>
        <zone name="InfectedSolitude" smin="0" smax="0" dmin="7" dmax="10" x="8226.86" z="2156.57" r="250"/>
        <zone name="InfectedSolitude" smin="0" smax="0" dmin="7" dmax="10" x="7869.45" z="2676" r="250"/>
        <zone name="InfectedSolitude" smin="0" smax="0" dmin="3" dmax="6" x="8425.33" z="7953.33" r="150"/>
        <zone name="InfectedSolitude" smin="0" smax="0" dmin="15" dmax="20" x="13744" z="4920" r="250"/>
        <zone name="InfectedSolitude" smin="0" smax="0" dmin="15" dmax="20" x="13268" z="4508" r="250"/>
        <zone name="InfectedSolitude" smin="0" smax="0" dmin="15" dmax="20" x="13345.3" z="3705.34" r="300"/>
        <zone name="InfectedSolitude" smin="0" smax="0" dmin="15" dmax="20" x="13940" z="3556" r="250"/>
        <zone name="InfectedSolitude" smin="0" smax="0" dmin="15" dmax="20" x="12817.3" z="3982.67" r="250"/>
        <zone name="InfectedSolitude" smin="0" smax="0" dmin="15" dmax="20" x="12512" z="3384" r="250"/>
        <zone name="InfectedSolitude" smin="0" smax="0" dmin="15" dmax="20" x="13121.3" z="2997.33" r="400"/>
        <zone name="InfectedSolitude" smin="0" smax="0" dmin="15" dmax="20" x="12944" z="2137.33" r="400"/>
        <zone name="InfectedSolitude" smin="0" smax="0" dmin="15" dmax="20" x="14020" z="2978" r="250"/>
        <zone name="InfectedSolitude" smin="0" smax="0" dmin="10" dmax="15" x="2935.2" z="7909.6" r="250"/>
        <zone name="InfectedSolitude" smin="0" smax="0" dmin="10" dmax="15" x="2716.8" z="10891.2" r="250"/>
        <zone name="InfectedSolitude" smin="0" smax="0" dmin="5" dmax="10" x="2025.2" z="12312" r="100"/>
        <zone name="InfectedSolitude" smin="0" smax="0" dmin="4" dmax="8" x="2594" z="12224" r="150"/>
        <zone name="InfectedSolitude" smin="0" smax="0" dmin="5" dmax="10" x="2648" z="12736" r="200"/>
        <zone name="InfectedSolitude" smin="0" smax="0" dmin="10" dmax="20" x="3852" z="13110" r="150"/>
        <zone name="InfectedSolitude" smin="0" smax="0" dmin="3" dmax="6" x="3890" z="13574" r="100"/>
        <zone name="InfectedSolitude" smin="0" smax="0" dmin="10" dmax="15" x="2772" z="13716" r="250"/>
        <zone name="InfectedSolitude" smin="0" smax="0" dmin="15" dmax="20" x="2630" z="14892" r="300"/>
        <zone name="InfectedSolitude" smin="0" smax="0" dmin="10" dmax="20" x="3772" z="14334" r="250"/>
        <zone name="InfectedSolitude" smin="0" smax="0" dmin="15" dmax="20" x="3410" z="15380" r="200"/>
        <zone name="InfectedSolitude" smin="0" smax="0" dmin="10" dmax="15" x="960" z="11038" r="200"/>
        <zone name="InfectedSolitude" smin="0" smax="0" dmin="10" dmax="15" x="920" z="11648" r="250"/>
        <zone name="InfectedSolitude" smin="0" smax="0" dmin="5" dmax="8" x="5804" z="13815.2" r="100"/>
        <zone name="InfectedSolitude" smin="0" smax="0" dmin="5" dmax="8" x="6080" z="14988" r="100"/>
        <zone name="InfectedSolitude" smin="0" smax="0" dmin="2" dmax="5" x="5840" z="7408" r="100"/>
        <zone name="InfectedSolitude" smin="0" smax="0" dmin="4" dmax="8" x="7044" z="5644" r="80"/>
        <zone name="InfectedSolitude" smin="0" smax="0" dmin="2" dmax="6" x="6392" z="6208.8" r="80"/>
        <zone name="InfectedSolitude" smin="0" smax="0" dmin="2" dmax="6" x="6356" z="6400" r="80"/>
        <zone name="InfectedSolitude" smin="0" smax="0" dmin="4" dmax="8" x="6820" z="7072" r="80"/>
        <zone name="InfectedSolitude" smin="0" smax="0" dmin="4" dmax="8" x="7136" z="7448" r="80"/>
        <zone name="InfectedSolitude" smin="0" smax="0" dmin="2" dmax="4" x="7386.29" z="2846.86" r="80"/>
        <zone name="InfectedSolitude" smin="0" smax="0" dmin="4" dmax="8" x="6340" z="996" r="80"/>
        <zone name="InfectedSolitude" smin="0" smax="0" dmin="4" dmax="8" x="7400.57" z="4900.57" r="80"/>
        <zone name="InfectedSolitude" smin="0" smax="0" dmin="2" dmax="5" x="8455.2" z="4788" r="100"/>
        <zone name="InfectedSolitude" smin="0" smax="0" dmin="2" dmax="4" x="8896" z="5141.6" r="80"/>
        <zone name="InfectedSolitude" smin="0" smax="0" dmin="2" dmax="5" x="9720" z="9844" r="80"/>
        <zone name="InfectedSolitude" smin="0" smax="0" dmin="4" dmax="8" x="6232" z="9596" r="80"/>
        <zone name="InfectedSolitude" smin="0" smax="0" dmin="4" dmax="8" x="6416" z="9556" r="80"/>
        <zone name="InfectedSolitude" smin="0" smax="0" dmin="4" dmax="8" x="10384" z="11232" r="80"/>
        <zone name="InfectedSolitude" smin="0" smax="0" dmin="5" dmax="10" x="10551.4" z="10780.6" r="250"/>
        <zone name="InfectedSolitude" smin="0" smax="0" dmin="1" dmax="5" x="10752" z="11112" r="50"/>
        <zone name="InfectedSolitude" smin="0" smax="0" dmin="2" dmax="4" x="8888" z="7092" r="50"/>
        <zone name="InfectedSolitude" smin="0" smax="0" dmin="4" dmax="8" x="3188" z="4556" r="100"/>
        <zone name="InfectedSolitude" smin="0" smax="0" dmin="4" dmax="8" x="2952" z="4464" r="100"/>
        <zone name="InfectedSolitude" smin="0" smax="0" dmin="4" dmax="8" x="3216" z="3492" r="100"/>
        <zone name="InfectedSolitude" smin="0" smax="0" dmin="4" dmax="8" x="3176" z="3708" r="100"/>
        <zone name="InfectedSolitude" smin="0" smax="0" dmin="4" dmax="8" x="3312" z="3904" r="100"/>
        <zone name="InfectedSolitude" smin="0" smax="0" dmin="4" dmax="8" x="3044" z="3280" r="100"/>
        <zone name="InfectedSolitude" smin="0" smax="0" dmin="4" dmax="8" x="2572" z="3728" r="100"/>
        <zone name="InfectedSolitude" smin="0" smax="0" dmin="2" dmax="5" x="4156" z="2932" r="100"/>
        <zone name="InfectedSolitude" smin="0" smax="0" dmin="2" dmax="5" x="4200" z="3156" r="100"/>
        <zone name="InfectedSolitude" smin="0" smax="0" dmin="2" dmax="5" x="4116" z="2716" r="100"/>
        <zone name="InfectedSolitude" smin="0" smax="0" dmin="2" dmax="5" x="4676" z="2992" r="100"/>
        <zone name="InfectedSolitude" smin="0" smax="0" dmin="2" dmax="5" x="4912" z="3020" r="100"/>
        <zone name="InfectedSolitude" smin="0" smax="0" dmin="2" dmax="6" x="5124" z="3488" r="100"/>
        <zone name="InfectedSolitude" smin="0" smax="0" dmin="2" dmax="6" x="5092" z="3768" r="100"/>
        <zone name="InfectedSolitude" smin="0" smax="0" dmin="2" dmax="6" x="5568" z="4052" r="100"/>
        <zone name="InfectedSolitude" smin="0" smax="0" dmin="2" dmax="6" x="5772" z="3852" r="100"/>
        <zone name="InfectedSolitude" smin="0" smax="0" dmin="4" dmax="8" x="4320" z="4660.46" r="100"/>
        <zone name="InfectedSolitude" smin="0" smax="0" dmin="4" dmax="8" x="3551.07" z="4578.6" r="150"/>
        <zone name="InfectedSolitude" smin="0" smax="0" dmin="3" dmax="6" x="5718.4" z="3048.8" r="100"/>
        <zone name="InfectedSolitude" smin="0" smax="0" dmin="2" dmax="5" x="6426.86" z="2957.71" r="100"/>
        <zone name="InfectedSolitude" smin="0" smax="0" dmin="4" dmax="8" x="6144" z="6332" r="100"/>
        <zone name="InfectedSolitude" smin="0" smax="0" dmin="4" dmax="8" x="6532" z="7384" r="100"/>
        <zone name="InfectedSolitude" smin="0" smax="0" dmin="4" dmax="6" x="6396" z="8052" r="100"/>
        <zone name="InfectedSolitude" smin="0" smax="0" dmin="4" dmax="6" x="6228" z="8204" r="100"/>
        <zone name="InfectedSolitude" smin="0" smax="0" dmin="4" dmax="6" x="5700" z="8052" r="100"/>
        <zone name="InfectedSolitude" smin="0" smax="0" dmin="4" dmax="8" x="9328" z="7976" r="100"/>
        <zone name="InfectedSolitude" smin="0" smax="0" dmin="4" dmax="8" x="10044" z="7925.33" r="100"/>
        <zone name="InfectedSolitude" smin="0" smax="0" dmin="4" dmax="8" x="9034.4" z="7016.8" r="100"/>
        <zone name="InfectedSolitude" smin="0" smax="0" dmin="3" dmax="6" x="10269.3" z="6546.67" r="100"/>
        <zone name="InfectedSolitude" smin="0" smax="0" dmin="2" dmax="4" x="9224" z="7400" r="100"/>
        <zone name="InfectedSolitude" smin="0" smax="0" dmin="4" dmax="8" x="9976" z="11872" r="100"/>
        <zone name="InfectedSolitude" smin="0" smax="0" dmin="4" dmax="8" x="10196" z="11580" r="100"/>
        <zone name="InfectedSolitude" smin="0" smax="0" dmin="5" dmax="10" x="1956.8" z="11085.6" r="100"/>
        <zone name="InfectedSolitude" smin="0" smax="0" dmin="4" dmax="8" x="1092" z="12324" r="100"/>
        <zone name="InfectedSolitude" smin="0" smax="0" dmin="4" dmax="8" x="1388" z="13652" r="100"/>
        <zone name="InfectedSolitude" smin="0" smax="0" dmin="4" dmax="8" x="888" z="15476" r="100"/>
        <zone name="InfectedSolitude" smin="0" smax="0" dmin="4" dmax="8" x="1526" z="14908" r="100"/>
        <zone name="InfectedSolitude" smin="0" smax="0" dmin="4" dmax="8" x="876" z="14800" r="100"/>
        <zone name="InfectedSolitude" smin="0" smax="0" dmin="4" dmax="8" x="418" z="15486" r="100"/>
        <zone name="InfectedSolitude" smin="0" smax="0" dmin="4" dmax="8" x="998" z="15674" r="100"/>
        <zone name="InfectedSolitude" smin="0" smax="0" dmin="4" dmax="8" x="668" z="15526" r="100"/>
        <zone name="InfectedSolitude" smin="0" smax="0" dmin="4" dmax="8" x="1828" z="15656" r="100"/>
        <zone name="InfectedSolitude" smin="0" smax="0" dmin="4" dmax="8" x="1168" z="12060" r="100"/>
        <zone name="InfectedSolitude" smin="0" smax="0" dmin="4" dmax="8" x="1248" z="12480" r="100"/>
        <zone name="InfectedSolitude" smin="0" smax="0" dmin="4" dmax="8" x="1072" z="12820" r="100"/>
        <zone name="InfectedSolitude" smin="0" smax="0" dmin="4" dmax="8" x="220" z="11472" r="100"/>
        <zone name="InfectedSolitude" smin="0" smax="0" dmin="4" dmax="8" x="9632" z="12600" r="100"/>
        <zone name="InfectedSolitude" smin="0" smax="0" dmin="2" dmax="4" x="9488" z="3944" r="100"/>
        <zone name="InfectedSolitude" smin="0" smax="0" dmin="2" dmax="4" x="9727.2" z="3373.6" r="100"/>
        <zone name="InfectedSolitude" smin="0" smax="0" dmin="3" dmax="6" x="9151.2" z="3737.6" r="100"/>
        <zone name="InfectedSolitude" smin="0" smax="0" dmin="3" dmax="6" x="9170.29" z="4191.43" r="100"/>
        <zone name="InfectedSolitude" smin="0" smax="0" dmin="2" dmax="5" x="8568" z="4272" r="100"/>
        <zone name="InfectedSolitude" smin="0" smax="0" dmin="4" dmax="8" x="7738.29" z="4892.57" r="100"/>
        <zone name="InfectedSolitude" smin="0" smax="0" dmin="2" dmax="4" x="10031.2" z="3976.8" r="100"/>
        <zone name="InfectedSolitude" smin="0" smax="0" dmin="2" dmax="4" x="7792" z="4071.43" r="100"/>
        <zone name="InfectedSolitude" smin="0" smax="0" dmin="4" dmax="8" x="3188" z="6556" r="100"/>
        <zone name="InfectedSolitude" smin="0" smax="0" dmin="2" dmax="5" x="3164" z="5998.4" r="100"/>
        <zone name="InfectedSolitude" smin="0" smax="0" dmin="4" dmax="8" x="3779.2" z="6385.6" r="50"/>
        <zone name="InfectedSolitude" smin="0" smax="0" dmin="4" dmax="8" x="5020" z="8953.33" r="100"/>
        <zone name="InfectedSolitude" smin="0" smax="0" dmin="4" dmax="8" x="4012" z="7888" r="100"/>
        <zone name="InfectedSolitude" smin="0" smax="0" dmin="4" dmax="8" x="13440" z="10164" r="100"/>
        <zone name="InfectedSolitude" smin="0" smax="0" dmin="4" dmax="8" x="13929.8" z="9840.36" r="100"/>
        <zone name="InfectedSolitude" smin="0" smax="0" dmin="4" dmax="8" x="11243.4" z="10949.1" r="100"/>
        <zone name="InfectedSolitude" smin="0" smax="0" dmin="4" dmax="8" x="9992" z="11229.3" r="150"/>
        <zone name="InfectedSolitude" smin="0" smax="0" dmin="5" dmax="10" x="5776.25" z="2291.04" r="250"/>
        <zone name="InfectedSolitude" smin="0" smax="0" dmin="4" dmax="8" x="4766.67" z="7486.67" r="100"/>
        <zone name="InfectedSolitude" smin="0" smax="0" dmin="5" dmax="10" x="2276" z="12322" r="100"/>
        <zone name="InfectedSolitude" smin="0" smax="0" dmin="4" dmax="8" x="1064" z="15038" r="100"/>
        <zone name="InfectedSolitude" smin="0" smax="0" dmin="4" dmax="8" x="1096" z="14822" r="100"/>
        <zone name="InfectedSolitude" smin="0" smax="0" dmin="4" dmax="8" x="1308" z="14856" r="100"/>
        <zone name="InfectedSolitude" smin="0" smax="0" dmin="15" dmax="20" x="11853.3" z="2016" r="300"/>
        <zone name="InfectedSolitude" smin="0" smax="0" dmin="15" dmax="20" x="12250.7" z="2688" r="400"/>
        <zone name="InfectedSolitude" smin="0" smax="0" dmin="15" dmax="20" x="12400" z="1586.67" r="300"/>
        <zone name="InfectedSolitude" smin="0" smax="0" dmin="10" dmax="15" x="4384" z="11600" r="250"/>
        <zone name="InfectedSolitude" smin="0" smax="0" dmin="2" dmax="4" x="4761.6" z="12700.8" r="150"/>
        <zone name="InfectedSolitude" smin="0" smax="0" dmin="2" dmax="4" x="4969.6" z="12940.8" r="150"/>
        <zone name="InfectedSolitude" smin="0" smax="0" dmin="2" dmax="4" x="5129.6" z="13219.2" r="150"/>
        <zone name="InfectedSolitude" smin="0" smax="0" dmin="5" dmax="10" x="4608" z="7932.8" r="350"/>
        <zone name="InfectedSolitude" smin="0" smax="0" dmin="10" dmax="15" x="5433.6" z="6268.8" r="300"/>
        <zone name="InfectedSolitude" smin="0" smax="0" dmin="10" dmax="15" x="5584" z="4953.6" r="300"/>
        <zone name="InfectedSolitude" smin="0" smax="0" dmin="10" dmax="15" x="5315.2" z="2726.4" r="300"/>
        <zone name="InfectedSolitude" smin="0" smax="0" dmin="10" dmax="15" x="7040" z="4089.6" r="300"/>
        <zone name="InfectedSolitude" smin="0" smax="0" dmin="10" dmax="15" x="4432" z="2006.4" r="300"/>
        <zone name="InfectedSolitude" smin="0" smax="0" dmin="10" dmax="20" x="6149.33" z="3827.56" r="200"/>
        <zone name="InfectedSolitude" smin="0" smax="0" dmin="10" dmax="20" x="6104.89" z="3306.67" r="200"/>
        <zone name="InfectedSolitude" smin="0" smax="0" dmin="10" dmax="20" x="6000" z="2818" r="200"/>
        <zone name="InfectedSolitude" smin="0" smax="0" dmin="10" dmax="20" x="5842" z="1774" r="200"/>
        <zone name="InfectedSolitude" smin="0" smax="0" dmin="10" dmax="20" x="5096" z="1188" r="200"/>
        <zone name="InfectedSolitude" smin="0" smax="0" dmin="10" dmax="20" x="5214" z="1686" r="200"/>
        <zone name="InfectedSolitude" smin="0" smax="0" dmin="10" dmax="20" x="5724" z="1320" r="200"/>
        <zone name="InfectedSolitude" smin="0" smax="0" dmin="10" dmax="20" x="4776" z="3406" r="200"/>
        <zone name="InfectedSolitude" smin="0" smax="0" dmin="10" dmax="20" x="4336" z="3516" r="200"/>
        <zone name="InfectedSolitude" smin="0" smax="0" dmin="10" dmax="20" x="4534" z="3986" r="200"/>
        <zone name="InfectedSolitude" smin="0" smax="0" dmin="10" dmax="20" x="5862" z="4256" r="200"/>
        <zone name="InfectedSolitude" smin="0" smax="0" dmin="10" dmax="20" x="5292" z="4508" r="200"/>
        <zone name="InfectedSolitude" smin="0" smax="0" dmin="10" dmax="20" x="6934" z="4596" r="200"/>
        <zone name="InfectedSolitude" smin="0" smax="0" dmin="10" dmax="20" x="7710" z="6046" r="200"/>
        <zone name="InfectedSolitude" smin="0" smax="0" dmin="10" dmax="20" x="6646" z="5704" r="200"/>
        <zone name="InfectedSolitude" smin="0" smax="0" dmin="10" dmax="20" x="6068" z="5210" r="200"/>
        <zone name="InfectedSolitude" smin="0" smax="0" dmin="10" dmax="20" x="6292" z="5918" r="200"/>
        <zone name="InfectedSolitude" smin="0" smax="0" dmin="10" dmax="20" x="5810" z="5706" r="200"/>
        <zone name="InfectedSolitude" smin="0" smax="0" dmin="10" dmax="20" x="5144" z="5772" r="200"/>
        <zone name="InfectedSolitude" smin="0" smax="0" dmin="10" dmax="20" x="4068" z="6330" r="200"/>
        <zone name="InfectedSolitude" smin="0" smax="0" dmin="10" dmax="20" x="4558" z="6264" r="200"/>
        <zone name="InfectedSolitude" smin="0" smax="0" dmin="10" dmax="20" x="7038" z="3420" r="200"/>
        <zone name="InfectedSolitude" smin="0" smax="0" dmin="10" dmax="20" x="8246" z="3356" r="200"/>
        <zone name="InfectedSolitude" smin="0" smax="0" dmin="10" dmax="20" x="3314" z="1744" r="200"/>
        <zone name="InfectedSolitude" smin="0" smax="0" dmin="10" dmax="20" x="4078" z="3930" r="200"/>
        <zone name="InfectedSolitude" smin="0" smax="0" dmin="10" dmax="20" x="3662" z="5090" r="200"/>
        <zone name="InfectedSolitude" smin="0" smax="0" dmin="10" dmax="20" x="3222" z="5430" r="200"/>
        <zone name="InfectedSolitude" smin="0" smax="0" dmin="10" dmax="20" x="4952" z="6608" r="200"/>
        <zone name="InfectedSolitude" smin="0" smax="0" dmin="10" dmax="20" x="5972" z="6614" r="200"/>
        <zone name="InfectedSolitude" smin="0" smax="0" dmin="10" dmax="20" x="5436" z="6888" r="200"/>
        <zone name="InfectedSolitude" smin="0" smax="0" dmin="10" dmax="20" x="6542" z="5260" r="200"/>
        <zone name="InfectedSolitude" smin="0" smax="0" dmin="10" dmax="20" x="6742" z="2870" r="200"/>
        <zone name="InfectedSolitude" smin="0" smax="0" dmin="10" dmax="20" x="6238" z="7278" r="200"/>
        <zone name="InfectedSolitude" smin="0" smax="0" dmin="10" dmax="20" x="5194" z="7228" r="200"/>
        <zone name="InfectedSolitude" smin="0" smax="0" dmin="10" dmax="20" x="5726" z="9398" r="200"/>
        <zone name="InfectedSolitude" smin="0" smax="0" dmin="10" dmax="20" x="5262" z="9700" r="200"/>
        <zone name="InfectedSolitude" smin="0" smax="0" dmin="10" dmax="20" x="6060" z="13404" r="100"/>
        <zone name="InfectedSolitude" smin="0" smax="0" dmin="10" dmax="20" x="8576" z="9752" r="100"/>
        <zone name="InfectedSolitude" smin="0" smax="0" dmin="10" dmax="20" x="8696" z="10094" r="100"/>
        <zone name="InfectedSolitude" smin="0" smax="0" dmin="10" dmax="20" x="7724" z="9780" r="100"/>
        <zone name="InfectedSolitude" smin="0" smax="0" dmin="10" dmax="20" x="8000" z="7496" r="150"/>
        <zone name="InfectedSolitude" smin="0" smax="0" dmin="10" dmax="20" x="7576" z="7690" r="150"/>
        <zone name="InfectedSolitude" smin="0" smax="0" dmin="10" dmax="20" x="8318" z="7362" r="150"/>
        <zone name="InfectedSolitude" smin="0" smax="0" dmin="10" dmax="20" x="8090" z="8004" r="150"/>
        <zone name="InfectedSolitude" smin="0" smax="0" dmin="10" dmax="20" x="8688" z="7518" r="150"/>
        <zone name="InfectedSolitude" smin="0" smax="0" dmin="10" dmax="20" x="10862" z="7864" r="150"/>
        <zone name="InfectedSolitude" smin="0" smax="0" dmin="10" dmax="20" x="9784" z="8068" r="150"/>
        <zone name="InfectedSolitude" smin="0" smax="0" dmin="10" dmax="20" x="9348" z="6908" r="150"/>
        <zone name="InfectedSolitude" smin="0" smax="0" dmin="10" dmax="20" x="9420" z="7230" r="150"/>
        <zone name="InfectedSolitude" smin="0" smax="0" dmin="10" dmax="20" x="8960" z="7356" r="150"/>
        <zone name="InfectedSolitude" smin="0" smax="0" dmin="10" dmax="20" x="10706" z="6128" r="150"/>
        <zone name="InfectedSolitude" smin="0" smax="0" dmin="10" dmax="20" x="9434" z="9820" r="150"/>
        <zone name="InfectedSolitude" smin="0" smax="0" dmin="10" dmax="20" x="9720" z="10152" r="150"/>
        <zone name="InfectedSolitude" smin="0" smax="0" dmin="10" dmax="20" x="8142" z="9952" r="150"/>
        <zone name="InfectedSolitude" smin="0" smax="0" dmin="10" dmax="20" x="9058" z="10140" r="150"/>
        <zone name="InfectedSolitude" smin="0" smax="0" dmin="10" dmax="20" x="9150" z="11262" r="150"/>
        <zone name="InfectedSolitude" smin="0" smax="0" dmin="10" dmax="20" x="10538" z="11496" r="150"/>
        <zone name="InfectedSolitude" smin="0" smax="0" dmin="10" dmax="20" x="10596" z="11830" r="150"/>
        <zone name="InfectedSolitude" smin="0" smax="0" dmin="10" dmax="20" x="11100" z="11250" r="150"/>
        <zone name="InfectedSolitude" smin="0" smax="0" dmin="10" dmax="20" x="9550" z="10996" r="150"/>
        <zone name="InfectedSolitude" smin="0" smax="0" dmin="10" dmax="20" x="9666" z="11578" r="150"/>
        <zone name="InfectedSolitude" smin="0" smax="0" dmin="10" dmax="20" x="9250" z="11998" r="150"/>
        <zone name="InfectedSolitude" smin="0" smax="0" dmin="10" dmax="20" x="9688" z="12288" r="150"/>
        <zone name="InfectedSolitude" smin="0" smax="0" dmin="10" dmax="20" x="9458" z="12806" r="150"/>
        <zone name="InfectedSolitude" smin="0" smax="0" dmin="10" dmax="20" x="9156" z="12910" r="150"/>
        <zone name="InfectedSolitude" smin="0" smax="0" dmin="10" dmax="20" x="9156" z="13226" r="150"/>
        <zone name="InfectedSolitude" smin="0" smax="0" dmin="10" dmax="20" x="6528" z="13426" r="150"/>
        <zone name="InfectedSolitude" smin="0" smax="0" dmin="30" dmax="40" x="8302" z="13448" r="500"/>
        <zone name="InfectedSolitude" smin="0" smax="0" dmin="10" dmax="20" x="10872" z="6994.67" r="150"/>
        <zone name="InfectedSolitude" smin="0" smax="0" dmin="10" dmax="20" x="9034.67" z="5466.67" r="150"/>
        <zone name="InfectedSolitude" smin="0" smax="0" dmin="10" dmax="20" x="8909.33" z="4850.67" r="150"/>
        <zone name="InfectedSolitude" smin="0" smax="0" dmin="10" dmax="20" x="9394.67" z="4994.67" r="150"/>
        <zone name="InfectedSolitude" smin="0" smax="0" dmin="10" dmax="20" x="9189.33" z="4597.33" r="150"/>
        <zone name="InfectedSolitude" smin="0" smax="0" dmin="10" dmax="20" x="9533.33" z="4634.67" r="150"/>
        <zone name="InfectedSolitude" smin="0" smax="0" dmin="10" dmax="20" x="10805.3" z="4504" r="150"/>
        <zone name="InfectedSolitude" smin="0" smax="0" dmin="10" dmax="20" x="10544" z="4861.33" r="150"/>
        <zone name="InfectedSolitude" smin="0" smax="0" dmin="10" dmax="20" x="10485.3" z="5360" r="150"/>
        <zone name="InfectedSolitude" smin="0" smax="0" dmin="10" dmax="20" x="9426.67" z="3416" r="150"/>
        <zone name="InfectedSolitude" smin="0" smax="0" dmin="10" dmax="20" x="9784" z="3741.33" r="150"/>
        <zone name="InfectedSolitude" smin="0" smax="0" dmin="10" dmax="20" x="8888" z="4445.33" r="150"/>
        <zone name="InfectedSolitude" smin="0" smax="0" dmin="10" dmax="20" x="7890.67" z="4600" r="150"/>
        <zone name="InfectedSolitude" smin="0" smax="0" dmin="10" dmax="20" x="8280" z="4298.67" r="150"/>
        <zone name="InfectedSolitude" smin="0" smax="0" dmin="10" dmax="20" x="8074.67" z="3989.33" r="150"/>
        <zone name="InfectedSolitude" smin="0" smax="0" dmin="10" dmax="20" x="7680" z="4341.33" r="150"/>
        <zone name="InfectedSolitude" smin="0" smax="0" dmin="10" dmax="20" x="7808" z="3197.33" r="150"/>
        <zone name="InfectedSolitude" smin="0" smax="0" dmin="10" dmax="20" x="6328" z="4224" r="150"/>
        <zone name="InfectedSolitude" smin="0" smax="0" dmin="10" dmax="20" x="6624" z="4413.33" r="150"/>
        <zone name="InfectedSolitude" smin="0" smax="0" dmin="10" dmax="20" x="7002.67" z="6504" r="150"/>
        <zone name="InfectedSolitude" smin="0" smax="0" dmin="10" dmax="20" x="6674.67" z="6056" r="150"/>
        <zone name="InfectedSolitude" smin="0" smax="0" dmin="10" dmax="20" x="5936" z="6098.67" r="150"/>
        <zone name="InfectedSolitude" smin="0" smax="0" dmin="10" dmax="20" x="5413.33" z="8045.33" r="150"/>
        <zone name="InfectedSolitude" smin="0" smax="0" dmin="10" dmax="20" x="10482.7" z="2325.33" r="150"/>
        <zone name="InfectedSolitude" smin="0" smax="0" dmin="10" dmax="20" x="10488" z="2669.33" r="150"/>
        <zone name="InfectedSolitude" smin="0" smax="0" dmin="10" dmax="20" x="10957.3" z="2946.67" r="150"/>
        <zone name="InfectedSolitude" smin="0" smax="0" dmin="10" dmax="20" x="10101.3" z="2629.33" r="150"/>
        <zone name="InfectedSolitude" smin="0" smax="0" dmin="10" dmax="20" x="10080" z="2226.67" r="150"/>
        <zone name="InfectedSolitude" smin="0" smax="0" dmin="10" dmax="20" x="11064" z="2496" r="150"/>
        <zone name="InfectedSolitude" smin="0" smax="0" dmin="10" dmax="20" x="11325.3" z="1917.33" r="150"/>
        <zone name="InfectedSolitude" smin="0" smax="0" dmin="10" dmax="20" x="11509.3" z="2424" r="150"/>
        <zone name="InfectedSolitude" smin="0" smax="0" dmin="10" dmax="20" x="11330.7" z="3080" r="150"/>
        <zone name="InfectedSolitude" smin="0" smax="0" dmin="10" dmax="20" x="9080" z="12458.7" r="150"/>
        <zone name="InfectedSolitude" smin="0" smax="0" dmin="10" dmax="20" x="7589.33" z="13122.7" r="150"/>
        <zone name="InfectedSolitude" smin="0" smax="0" dmin="10" dmax="20" x="8578.67" z="12565.3" r="150"/>
        <zone name="InfectedSolitude" smin="0" smax="0" dmin="10" dmax="20" x="8773.33" z="12898.7" r="150"/>
        <zone name="InfectedSolitude" smin="0" smax="0" dmin="10" dmax="20" x="8296" z="12240" r="150"/>
        <zone name="InfectedSolitude" smin="0" smax="0" dmin="10" dmax="20" x="5848" z="11408" r="200"/>
        <zone name="InfectedSolitude" smin="0" smax="0" dmin="10" dmax="20" x="5522.67" z="11834.7" r="200"/>
        <zone name="InfectedSolitude" smin="0" smax="0" dmin="10" dmax="20" x="5610.67" z="12285.3" r="200"/>
        <zone name="InfectedSolitude" smin="0" smax="0" dmin="10" dmax="20" x="5765.33" z="12922.7" r="200"/>
        <zone name="InfectedSolitude" smin="0" smax="0" dmin="10" dmax="20" x="6301.33" z="13024" r="200"/>
        <zone name="InfectedSolitude" smin="0" smax="0" dmin="10" dmax="20" x="6786.67" z="12960" r="200"/>
        <zone name="InfectedSolitude" smin="0" smax="0" dmin="10" dmax="20" x="7224" z="13024" r="200"/>
        <zone name="InfectedSolitude" smin="0" smax="0" dmin="10" dmax="20" x="7613.33" z="11728" r="200"/>
        <zone name="InfectedSolitude" smin="0" smax="0" dmin="10" dmax="20" x="8181.33" z="10906.7" r="200"/>
        <zone name="InfectedSolitude" smin="0" smax="0" dmin="10" dmax="20" x="7274.67" z="9917.33" r="200"/>
        <zone name="InfectedSolitude" smin="0" smax="0" dmin="10" dmax="20" x="6669.33" z="10058.7" r="200"/>
        <zone name="InfectedSolitude" smin="0" smax="0" dmin="10" dmax="20" x="5754.67" z="9885.33" r="200"/>
        <zone name="InfectedSolitude" smin="0" smax="0" dmin="10" dmax="20" x="5416" z="10272" r="200"/>
        <zone name="InfectedSolitude" smin="0" smax="0" dmin="10" dmax="20" x="4146.67" z="8482.67" r="200"/>
        <zone name="InfectedSolitude" smin="0" smax="0" dmin="10" dmax="20" x="3173.33" z="7506.67" r="200"/>
        <zone name="InfectedSolitude" smin="0" smax="0" dmin="10" dmax="20" x="2477.33" z="7821.33" r="200"/>
        <zone name="InfectedSolitude" smin="0" smax="0" dmin="10" dmax="20" x="1914.67" z="9496" r="200"/>
        <zone name="InfectedSolitude" smin="0" smax="0" dmin="10" dmax="20" x="2386.67" z="9530.67" r="200"/>
        <zone name="InfectedSolitude" smin="0" smax="0" dmin="10" dmax="20" x="2944" z="9477.33" r="200"/>
        <zone name="InfectedSolitude" smin="0" smax="0" dmin="10" dmax="20" x="3330.67" z="9829.33" r="200"/>
        <zone name="InfectedSolitude" smin="0" smax="0" dmin="10" dmax="20" x="4205.33" z="9488" r="200"/>
        <zone name="InfectedSolitude" smin="0" smax="0" dmin="10" dmax="20" x="1544" z="12138.7" r="200"/>
        <zone name="InfectedSolitude" smin="0" smax="0" dmin="10" dmax="20" x="4112" z="5824" r="200"/>
        <zone name="InfectedSolitude" smin="0" smax="0" dmin="10" dmax="20" x="2613.33" z="7333.33" r="200"/>
        <zone name="InfectedSolitude" smin="0" smax="0" dmin="10" dmax="20" x="3130.67" z="4954.67" r="200"/>
        <zone name="InfectedSolitude" smin="0" smax="0" dmin="10" dmax="20" x="4986.67" z="4906.67" r="200"/>
        <zone name="InfectedSolitude" smin="0" smax="0" dmin="10" dmax="20" x="6293.33" z="4762.67" r="200"/>
        <zone name="InfectedSolitude" smin="0" smax="0" dmin="10" dmax="20" x="4133.33" z="5285.33" r="200"/>
        <zone name="InfectedSolitude" smin="0" smax="0" dmin="10" dmax="20" x="4640" z="5626.67" r="200"/>
        <zone name="InfectedSolitude" smin="0" smax="0" dmin="10" dmax="20" x="4512" z="4976" r="200"/>
        <zone name="InfectedSolitude" smin="0" smax="0" dmin="10" dmax="20" x="13029.3" z="7786.67" r="200"/>
        <zone name="InfectedSolitude" smin="0" smax="0" dmin="10" dmax="20" x="12213.3" z="5685.33" r="200"/>
        <zone name="InfectedSolitude" smin="0" smax="0" dmin="10" dmax="20" x="14325.3" z="4373.33" r="200"/>
    </territory>
    <territory color="1493106815">
        <zone name="InfectedArmyHardJMC" smin="0" smax="0" dmin="1" dmax="1" x="12310.5" z="9908" r="50"/>
        <zone name="InfectedArmyHardJMC" smin="0" smax="0" dmin="10" dmax="20" x="9590.7" z="15219.7" r="200"/>
        <zone name="InfectedArmyHardJMC" smin="0" smax="0" dmin="10" dmax="20" x="9226.67" z="14970.7" r="200"/>
        <zone name="InfectedArmyHardJMC" smin="0" smax="0" dmin="10" dmax="20" x="9392" z="14570.7" r="200"/>
        <zone name="InfectedArmyHardJMC" smin="0" smax="0" dmin="10" dmax="20" x="9834.67" z="14394.7" r="200"/>
        <zone name="InfectedArmyHardJMC" smin="0" smax="0" dmin="10" dmax="20" x="9722.67" z="14821.3" r="200"/>
        <zone name="InfectedArmyHardJMC" smin="0" smax="0" dmin="10" dmax="20" x="10010.7" z="15136" r="200"/>
        <zone name="InfectedArmyHardJMC" smin="0" smax="0" dmin="10" dmax="20" x="10128" z="14720" r="200"/>
        <zone name="InfectedArmyHardJMC" smin="0" smax="0" dmin="10" dmax="20" x="8954.67" z="15456" r="200"/>
    </territory>
    <territory color="1136576269">
        <zone name="InfectedCity" smin="0" smax="0" dmin="5" dmax="10" x="8554.42" z="8945.13" r="120"/>
        <zone name="InfectedCity" smin="0" smax="0" dmin="10" dmax="15" x="4439.44" z="2832" r="170"/>
        <zone name="InfectedCity" smin="0" smax="0" dmin="6" dmax="12" x="10240" z="4888.95" r="140"/>
        <zone name="InfectedCity" smin="0" smax="0" dmin="7" dmax="10" x="6612.45" z="1560.6" r="170"/>
        <zone name="InfectedCity" smin="0" smax="0" dmin="7" dmax="10" x="7167.1" z="1559.06" r="180"/>
        <zone name="InfectedCity" smin="0" smax="0" dmin="10" dmax="15" x="3292.63" z="6282.2" r="170"/>
        <zone name="InfectedCity" smin="0" smax="0" dmin="6" dmax="12" x="6074.83" z="14281.1" r="100"/>
        <zone name="InfectedCity" smin="0" smax="0" dmin="7" dmax="10" x="7084.09" z="1905.94" r="140"/>
        <zone name="InfectedCity" smin="0" smax="0" dmin="8" dmax="10" x="6129.77" z="14555.5" r="120"/>
        <zone name="InfectedCity" smin="0" smax="0" dmin="10" dmax="15" x="4679.8" z="2583.05" r="150"/>
        <zone name="InfectedCity" smin="0" smax="0" dmin="5" dmax="10" x="8812.62" z="8910.47" r="120"/>
        <zone name="InfectedCity" smin="0" smax="0" dmin="7" dmax="10" x="6714.54" z="1971.47" r="160"/>
        <zone name="InfectedCity" smin="0" smax="0" dmin="4" dmax="8" x="8107.5" z="9227.66" r="100"/>
        <zone name="InfectedCity" smin="0" smax="0" dmin="8" dmax="10" x="8633.5" z="9366.5" r="150"/>
        <zone name="InfectedCity" smin="0" smax="0" dmin="5" dmax="10" x="8340.03" z="8857.6" r="100"/>
        <zone name="InfectedCity" smin="0" smax="0" dmin="10" dmax="15" x="3700.22" z="6652.8" r="150"/>
        <zone name="InfectedCity" smin="0" smax="0" dmin="5" dmax="10" x="11468.7" z="10342" r="75"/>
        <zone name="InfectedCity" smin="0" smax="0" dmin="10" dmax="15" x="736" z="15075.5" r="180"/>
        <zone name="InfectedCity" smin="0" smax="0" dmin="5" dmax="10" x="829.333" z="12700" r="150"/>
        <zone name="InfectedCity" smin="0" smax="0" dmin="5" dmax="10" x="494" z="12537.3" r="150"/>
        <zone name="InfectedCity" smin="0" smax="0" dmin="10" dmax="20" x="741.333" z="12133.3" r="250"/>
        <zone name="InfectedSolitude" smin="0" smax="0" dmin="5" dmax="10" x="6076" z="14786" r="90"/>
        <zone name="InfectedCity" smin="0" smax="0" dmin="5" dmax="10" x="6184" z="13986" r="100"/>
        <zone name="InfectedCity" smin="0" smax="0" dmin="10" dmax="15" x="5958" z="14072" r="100"/>
        <zone name="InfectedCity" smin="0" smax="0" dmin="5" dmax="10" x="308" z="12060" r="150"/>
        <zone name="InfectedCity" smin="0" smax="0" dmin="5" dmax="10" x="390" z="11698" r="150"/>
        <zone name="InfectedCity" smin="0" smax="0" dmin="5" dmax="10" x="580" z="11414" r="150"/>
        <zone name="InfectedCity" smin="0" smax="0" dmin="5" dmax="10" x="6179.05" z="1220.95" r="180"/>
        <zone name="InfectedCity" smin="0" smax="0" dmin="10" dmax="15" x="6372.57" z="14818.3" r="150"/>
        <zone name="InfectedCity" smin="0" smax="0" dmin="4" dmax="8" x="7856" z="9157.33" r="100"/>
        <zone name="InfectedCity" smin="0" smax="0" dmin="3" dmax="6" x="7472" z="4144" r="75"/>
        <zone name="InfectedCity" smin="0" smax="0" dmin="3" dmax="6" x="6936" z="5266.67" r="75"/>
        <zone name="InfectedCity" smin="0" smax="0" dmin="3" dmax="6" x="7144" z="5437.33" r="75"/>
        <zone name="InfectedCity" smin="0" smax="0" dmin="5" dmax="10" x="6637.33" z="6381.33" r="150"/>
        <zone name="InfectedCity" smin="0" smax="0" dmin="5" dmax="8" x="8554.67" z="8706.67" r="100"/>
        <zone name="InfectedCity" smin="0" smax="0" dmin="2" dmax="5" x="9106.67" z="9634.67" r="50"/>
        <zone name="InfectedCity" smin="0" smax="0" dmin="2" dmax="5" x="9002.67" z="9533.33" r="50"/>
        <zone name="InfectedCity" smin="0" smax="0" dmin="2" dmax="5" x="9269.33" z="9381.33" r="50"/>
        <zone name="InfectedCity" smin="0" smax="0" dmin="2" dmax="5" x="8978.67" z="9040" r="50"/>
    </territory>
    <territory color="1790009876">
        <zone name="InfectedFirefighter" smin="0" smax="0" dmin="1" dmax="4" x="10210" z="4966.83" r="50"/>
        <zone name="InfectedFirefighter" smin="0" smax="0" dmin="1" dmax="4" x="6428" z="1363.3" r="50"/>
        <zone name="InfectedFirefighter" smin="0" smax="0" dmin="1" dmax="4" x="7018.67" z="1960" r="50"/>
        <zone name="InfectedFirefighter" smin="0" smax="0" dmin="1" dmax="4" x="4589.33" z="7056" r="50"/>
    </territory>
    <territory color="1694498687">
        <zone name="InfectedNBC" smin="20" smax="30" dmin="0" dmax="0" x="14028" z="2136" r="300"/>
        <zone name="InfectedNBCYellow" smin="20" smax="30" dmin="0" dmax="0" x="14008" z="2094" r="300"/>
    </territory>
    <territory color="1291845632">
        <zone name="InfectedReligious" smin="0" smax="0" dmin="1" dmax="3" x="3546.1" z="6322.63" r="50"/>
        <zone name="InfectedReligious" smin="0" smax="0" dmin="1" dmax="3" x="8734.79" z="9109.92" r="50"/>
        <zone name="InfectedReligious" smin="0" smax="0" dmin="5" dmax="10" x="7196.6" z="5948.8" r="120"/>
        <zone name="InfectedReligious" smin="0" smax="0" dmin="9" dmax="15" x="11329.7" z="10234.3" r="75"/>
    </territory>
    <territory color="1124502272">
        <zone name="InfectedArmy" smin="0" smax="0" dmin="5" dmax="8" x="3106.81" z="3928.45" r="80"/>
        <zone name="InfectedArmy" smin="0" smax="0" dmin="10" dmax="15" x="6610.74" z="3449.7" r="200"/>
        <zone name="InfectedArmy" smin="0" smax="0" dmin="6" dmax="8" x="8972.29" z="5806.57" r="75"/>
        <zone name="InfectedArmyHard" smin="0" smax="0" dmin="10" dmax="15" x="2474.82" z="3340.42" r="150"/>
        <zone name="InfectedArmy" smin="0" smax="0" dmin="10" dmax="20" x="8796.35" z="5983.54" r="160"/>
        <zone name="InfectedArmy" smin="0" smax="0" dmin="6" dmax="12" x="2792.85" z="3846.76" r="90"/>
        <zone name="InfectedArmy" smin="0" smax="0" dmin="8" dmax="12" x="2880.2" z="4030.04" r="100"/>
        <zone name="InfectedArmyHard" smin="0" smax="0" dmin="10" dmax="15" x="2932.77" z="3520.81" r="150"/>
        <zone name="InfectedArmy" smin="0" smax="0" dmin="4" dmax="7" x="3353.21" z="4398.08" r="100"/>
        <zone name="InfectedArmy" smin="0" smax="0" dmin="4" dmax="6" x="9086.8" z="5928.07" r="50"/>
        <zone name="InfectedArmyHard" smin="0" smax="0" dmin="4" dmax="8" x="13147.4" z="9691.67" r="100"/>
        <zone name="InfectedArmyHard" smin="0" smax="0" dmin="6" dmax="10" x="13544.7" z="9622" r="100"/>
        <zone name="InfectedArmy" smin="0" smax="0" dmin="5" dmax="10" x="5300.9" z="9150.03" r="80"/>
        <zone name="InfectedArmy" smin="0" smax="0" dmin="20" dmax="30" x="8854.29" z="3756.13" r="160"/>
        <zone name="InfectedArmy" smin="0" smax="0" dmin="4" dmax="6" x="4424.4" z="4454" r="75"/>
        <zone name="InfectedArmyHard" smin="0" smax="0" dmin="10" dmax="15" x="13608.4" z="9898.6" r="175"/>
        <zone name="InfectedArmyHard" smin="0" smax="0" dmin="5" dmax="10" x="12968.7" z="9902.67" r="100"/>
        <zone name="InfectedArmy" smin="0" smax="0" dmin="6" dmax="12" x="3451.33" z="4834.67" r="100"/>
        <zone name="InfectedArmy" smin="0" smax="0" dmin="6" dmax="10" x="5511.75" z="3824" r="120"/>
        <zone name="InfectedArmy" smin="0" smax="0" dmin="3" dmax="6" x="5689.1" z="3622.9" r="90"/>
        <zone name="InfectedArmy" smin="0" smax="0" dmin="5" dmax="10" x="5473.95" z="1059.9" r="120"/>
        <zone name="InfectedArmy" smin="0" smax="0" dmin="3" dmax="6" x="5502" z="3473.6" r="90"/>
        <zone name="InfectedArmy" smin="0" smax="0" dmin="5" dmax="8" x="3176.17" z="4374.26" r="70"/>
        <zone name="InfectedArmy" smin="0" smax="0" dmin="3" dmax="6" x="5316.38" z="3317.24" r="90"/>
        <zone name="InfectedArmyHard" smin="0" smax="0" dmin="5" dmax="10" x="3698.66" z="8650.67" r="90"/>
        <zone name="InfectedArmyHard" smin="0" smax="0" dmin="5" dmax="15" x="3786.66" z="9318.26" r="100"/>
        <zone name="InfectedArmyHard" smin="0" smax="0" dmin="5" dmax="15" x="3785.87" z="9078.67" r="100"/>
        <zone name="InfectedArmyHard" smin="0" smax="0" dmin="10" dmax="15" x="3787.69" z="8848.1" r="100"/>
        <zone name="InfectedArmy" smin="0" smax="0" dmin="5" dmax="8" x="2977.6" z="4221.82" r="90"/>
        <zone name="InfectedArmy" smin="0" smax="0" dmin="3" dmax="6" x="5666.47" z="3312" r="90"/>
        <zone name="InfectedArmy" smin="0" smax="0" dmin="3" dmax="6" x="5331" z="3621.67" r="90"/>
        <zone name="InfectedArmy" smin="0" smax="0" dmin="5" dmax="8" x="2922.54" z="3754.07" r="50"/>
        <zone name="InfectedArmyHard" smin="0" smax="0" dmin="3" dmax="6" x="14346.6" z="5257.34" r="75"/>
        <zone name="InfectedArmyHard" smin="0" smax="0" dmin="4" dmax="8" x="12522.4" z="7664" r="100"/>
        <zone name="InfectedArmyHard" smin="0" smax="0" dmin="10" dmax="15" x="11349.5" z="9988.8" r="120"/>
        <zone name="InfectedArmyHard" smin="0" smax="0" dmin="5" dmax="10" x="10907.2" z="10359.4" r="50"/>
        <zone name="InfectedArmyHard" smin="0" smax="0" dmin="10" dmax="15" x="11568" z="10144" r="120"/>
        <zone name="InfectedArmyHard" smin="0" smax="0" dmin="5" dmax="10" x="1773.2" z="15885.7" r="100"/>
        <zone name="InfectedArmyHard" smin="0" smax="0" dmin="8" dmax="15" x="1440.67" z="15524.7" r="160"/>
        <zone name="InfectedArmyHard" smin="0" smax="0" dmin="6" dmax="10" x="7242.67" z="11763" r="100"/>
        <zone name="InfectedArmyHard" smin="0" smax="0" dmin="20" dmax="25" x="1122.42" z="13445.2" r="220"/>
        <zone name="InfectedArmyHard" smin="0" smax="0" dmin="6" dmax="10" x="13282" z="9984" r="100"/>
        <zone name="InfectedArmy" smin="20" smax="30" dmin="5" dmax="10" x="426.667" z="698.667" r="400"/>
        <zone name="InfectedArmy" smin="0" smax="0" dmin="4" dmax="6" x="8584.89" z="6048" r="50"/>
        <zone name="InfectedArmy" smin="0" smax="0" dmin="4" dmax="6" x="7949.87" z="4257.78" r="75"/>
        <zone name="InfectedArmy" smin="0" smax="0" dmin="3" dmax="6" x="5128.46" z="3165.03" r="90"/>
        <zone name="InfectedArmy" smin="0" smax="0" dmin="3" dmax="6" x="5883.43" z="3590.86" r="90"/>
        <zone name="InfectedArmy" smin="0" smax="0" dmin="4" dmax="6" x="3383.77" z="6824.46" r="100"/>
        <zone name="InfectedArmyHard" smin="0" smax="0" dmin="3" dmax="6" x="14554.7" z="5271.62" r="75"/>
        <zone name="InfectedArmyHard" smin="0" smax="0" dmin="3" dmax="6" x="14202.7" z="5372.12" r="75"/>
        <zone name="InfectedArmyHard" smin="0" smax="0" dmin="3" dmax="5" x="14193.1" z="5148.4" r="75"/>
        <zone name="InfectedArmyHard" smin="0" smax="0" dmin="3" dmax="6" x="14000" z="5442.67" r="75"/>
        <zone name="InfectedArmyHard" smin="0" smax="0" dmin="3" dmax="6" x="13761.7" z="5559.15" r="75"/>
        <zone name="InfectedArmyHard" smin="0" smax="0" dmin="5" dmax="10" x="9988.57" z="12660.7" r="120"/>
        <zone name="InfectedArmyHard" smin="0" smax="0" dmin="5" dmax="10" x="10051.5" z="12372.1" r="120"/>
        <zone name="InfectedArmyHard" smin="0" smax="0" dmin="5" dmax="10" x="10161.2" z="12553.6" r="75"/>
        <zone name="InfectedArmyHard" smin="0" smax="0" dmin="4" dmax="8" x="11156" z="10232" r="50"/>
        <zone name="InfectedArmyHardJMCWinter" smin="0" smax="0" dmin="6" dmax="10" x="12752" z="15172" r="120"/>
        <zone name="InfectedArmyHardJMCWinter" smin="0" smax="0" dmin="6" dmax="10" x="12872" z="15500" r="120"/>
        <zone name="InfectedArmyHardJMCWinter" smin="0" smax="0" dmin="6" dmax="10" x="12992" z="15808" r="120"/>
        <zone name="InfectedArmyHardJMCWinter" smin="0" smax="0" dmin="20" dmax="30" x="13460.4" z="13077.2" r="200"/>
        <zone name="InfectedArmyHard" smin="0" smax="0" dmin="3" dmax="6" x="9784" z="11092" r="75"/>
        <zone name="InfectedArmyHard" smin="0" smax="0" dmin="20" dmax="30" x="12940.8" z="1506.13" r="200"/>
        <zone name="InfectedArmyHard" smin="0" smax="0" dmin="2" dmax="4" x="11293.4" z="2789.34" r="50"/>
        <zone name="InfectedArmyHardJMCWinter" smin="0" smax="0" dmin="4" dmax="8" x="11949.7" z="15124.6" r="100"/>
        <zone name="InfectedArmyHardJMCWinter" smin="0" smax="0" dmin="4" dmax="8" x="11961.1" z="15334.9" r="100"/>
        <zone name="InfectedArmyHardJMCWinter" smin="0" smax="0" dmin="4" dmax="8" x="11940.6" z="15545.1" r="100"/>
        <zone name="InfectedArmyHardJMCWinter" smin="0" smax="0" dmin="10" dmax="15" x="15523.9" z="15184.6" r="78"/>
        <zone name="InfectedArmyHard" smin="0" smax="0" dmin="4" dmax="8" x="6174" z="13794" r="75"/>
        <zone name="InfectedArmy" smin="0" smax="0" dmin="5" dmax="8" x="3184" z="4109.71" r="80"/>
        <zone name="InfectedArmy" smin="0" smax="0" dmin="3" dmax="5" x="10206.4" z="4504" r="50"/>
        <zone name="InfectedArmy" smin="0" smax="0" dmin="4" dmax="6" x="9099.81" z="5744" r="50"/>
        <zone name="InfectedArmy" smin="0" smax="0" dmin="4" dmax="6" x="9204.8" z="5923.2" r="50"/>
        <zone name="InfectedArmy" smin="0" smax="0" dmin="3" dmax="5" x="3638.4" z="10240" r="50"/>
        <zone name="InfectedArmy" smin="0" smax="0" dmin="3" dmax="5" x="4161.6" z="10678.4" r="50"/>
        <zone name="InfectedArmyHard" smin="0" smax="0" dmin="2" dmax="4" x="1676" z="15486" r="50"/>
        <zone name="InfectedArmyHard" smin="0" smax="0" dmin="2" dmax="4" x="1624" z="15376" r="50"/>
        <zone name="InfectedArmyHard" smin="0" smax="0" dmin="2" dmax="4" x="1572" z="15271.2" r="50"/>
        <zone name="InfectedArmyHard" smin="0" smax="0" dmin="2" dmax="5" x="12926.5" z="9724.88" r="50"/>
        <zone name="InfectedArmyHard" smin="0" smax="0" dmin="4" dmax="8" x="13350.9" z="9769.14" r="100"/>
        <zone name="InfectedArmyHard" smin="0" smax="0" dmin="4" dmax="8" x="5890.29" z="13531.4" r="75"/>
        <zone name="InfectedArmyHard" smin="0" smax="0" dmin="4" dmax="8" x="6171.43" z="13593.6" r="75"/>
        <zone name="InfectedArmyHard" smin="0" smax="0" dmin="4" dmax="8" x="7019.43" z="13840" r="75"/>
        <zone name="InfectedArmyHard" smin="0" smax="0" dmin="4" dmax="8" x="6580.57" z="13652.6" r="75"/>
        <zone name="InfectedArmyHard" smin="0" smax="0" dmin="6" dmax="10" x="7128" z="11938.7" r="100"/>
        <zone name="InfectedArmyHard" smin="0" smax="0" dmin="2" dmax="3" x="6864" z="11504" r="100"/>
        <zone name="InfectedArmyHard" smin="0" smax="0" dmin="2" dmax="3" x="7352" z="11952" r="100"/>
        <zone name="InfectedArmyHard" smin="0" smax="0" dmin="2" dmax="3" x="7410.67" z="11426.7" r="100"/>
        <zone name="InfectedArmyHard" smin="0" smax="0" dmin="2" dmax="3" x="6853.33" z="11845.3" r="100"/>
        <zone name="InfectedArmyHard" smin="0" smax="0" dmin="5" dmax="8" x="3608" z="8826.67" r="70"/>
        <zone name="InfectedArmy" smin="0" smax="0" dmin="4" dmax="6" x="2917.33" z="8469.87" r="70"/>
        <zone name="InfectedArmy" smin="0" smax="0" dmin="4" dmax="6" x="3136" z="8648" r="70"/>
        <zone name="InfectedArmy" smin="0" smax="0" dmin="3" dmax="6" x="4006.4" z="8888" r="70"/>
        <zone name="InfectedArmy" smin="0" smax="0" dmin="3" dmax="6" x="3613.33" z="9245.33" r="70"/>
        <zone name="InfectedArmy" smin="0" smax="0" dmin="3" dmax="6" x="3602.67" z="9912" r="70"/>
        <zone name="InfectedArmyHard" smin="0" smax="0" dmin="4" dmax="8" x="14136" z="2622" r="100"/>
        <zone name="InfectedArmyHard" smin="0" smax="0" dmin="1" dmax="3" x="13868" z="2572" r="100"/>
        <zone name="InfectedArmyHard" smin="0" smax="0" dmin="1" dmax="3" x="13622" z="2484" r="100"/>
        <zone name="InfectedArmyHard" smin="0" smax="0" dmin="1" dmax="3" x="13480" z="2290" r="100"/>
        <zone name="InfectedArmyHard" smin="0" smax="0" dmin="1" dmax="3" x="13476" z="2060" r="100"/>
        <zone name="InfectedArmyHard" smin="0" smax="0" dmin="1" dmax="3" x="13538" z="1822" r="100"/>
        <zone name="InfectedArmyHard" smin="0" smax="0" dmin="1" dmax="3" x="13714" z="1664" r="100"/>
        <zone name="InfectedArmyHard" smin="0" smax="0" dmin="1" dmax="3" x="13966" z="1610" r="100"/>
        <zone name="InfectedArmyHard" smin="0" smax="0" dmin="1" dmax="3" x="14196" z="1658" r="100"/>
        <zone name="InfectedArmyHard" smin="0" smax="0" dmin="1" dmax="3" x="14394" z="1778" r="100"/>
        <zone name="InfectedArmyHard" smin="0" smax="0" dmin="1" dmax="3" x="14470" z="1996" r="100"/>
        <zone name="InfectedArmyHard" smin="0" smax="0" dmin="1" dmax="3" x="14466" z="2250" r="100"/>
        <zone name="InfectedArmyHard" smin="0" smax="0" dmin="1" dmax="3" x="14354" z="2468" r="100"/>
        <zone name="InfectedArmyHard" smin="0" smax="0" dmin="6" dmax="8" x="15751" z="4409.39" r="75"/>
        <zone name="InfectedArmyHard" smin="0" smax="0" dmin="6" dmax="8" x="15699.8" z="4563.25" r="75"/>
        <zone name="InfectedArmyHard" smin="0" smax="0" dmin="4" dmax="6" x="15838.3" z="4574.25" r="50"/>
        <zone name="InfectedArmyHard" smin="0" smax="0" dmin="8" dmax="12" x="15755.7" z="5130.67" r="120"/>
        <zone name="InfectedArmy" smin="0" smax="0" dmin="2" dmax="4" x="7245.71" z="4644.57" r="50"/>
        <zone name="InfectedArmy" smin="0" smax="0" dmin="3" dmax="6" x="6653.71" z="6843.43" r="75"/>
        <zone name="InfectedArmy" smin="0" smax="0" dmin="4" dmax="6" x="3705.6" z="6224" r="100"/>
        <zone name="InfectedArmy" smin="0" smax="0" dmin="3" dmax="6" x="7942.4" z="9532.8" r="100"/>
        <zone name="InfectedArmy" smin="0" smax="0" dmin="3" dmax="6" x="5513.6" z="9203.2" r="70"/>
        <zone name="InfectedArmyHard" smin="0" smax="0" dmin="4" dmax="6" x="15673.1" z="4701.71" r="50"/>
        <zone name="InfectedArmyHard" smin="0" smax="0" dmin="4" dmax="6" x="15666.3" z="4925.71" r="50"/>
        <zone name="InfectedArmy" smin="0" smax="0" dmin="2" dmax="4" x="8198.4" z="8291.2" r="70"/>
        <zone name="InfectedArmy" smin="0" smax="0" dmin="3" dmax="5" x="7076.57" z="9003.43" r="80"/>
        <zone name="InfectedArmy" smin="0" smax="0" dmin="2" dmax="4" x="7531.43" z="8784" r="70"/>
        <zone name="InfectedArmy" smin="0" smax="0" dmin="2" dmax="4" x="6896" z="6050.67" r="75"/>
        <zone name="InfectedArmyHardJMCWinter" smin="0" smax="0" dmin="20" dmax="30" x="13474" z="14778" r="200"/>
        <zone name="InfectedArmyHardJMCWinter" smin="0" smax="0" dmin="20" dmax="30" x="14514" z="15668" r="200"/>
        <zone name="InfectedArmyHardJMCWinter" smin="0" smax="0" dmin="10" dmax="15" x="14096" z="15730" r="200"/>
        <zone name="InfectedArmyHardJMCWinter" smin="0" smax="0" dmin="20" dmax="30" x="14702" z="13754" r="200"/>
        <zone name="InfectedArmyHardJMCWinter" smin="0" smax="0" dmin="4" dmax="8" x="14380" z="14204" r="200"/>
        <zone name="InfectedArmyHardJMCWinter" smin="0" smax="0" dmin="4" dmax="8" x="14368" z="13448" r="200"/>
        <zone name="InfectedArmyHardJMCWinter" smin="0" smax="0" dmin="4" dmax="8" x="13928" z="13696" r="200"/>
        <zone name="InfectedArmyHardJMCWinter" smin="0" smax="0" dmin="4" dmax="8" x="15576" z="13572" r="200"/>
        <zone name="InfectedArmyHardJMCWinter" smin="0" smax="0" dmin="4" dmax="8" x="14884" z="14168" r="200"/>
        <zone name="InfectedArmyHardJMCWinter" smin="0" smax="0" dmin="4" dmax="8" x="15656" z="15532" r="200"/>
        <zone name="InfectedArmyHardJMCWinter" smin="0" smax="0" dmin="3" dmax="5" x="13164" z="14864" r="100"/>
        <zone name="InfectedArmyHardJMCWinter" smin="0" smax="0" dmin="3" dmax="5" x="13336" z="15084" r="100"/>
        <zone name="InfectedArmyHardJMCWinter" smin="0" smax="0" dmin="3" dmax="5" x="13796" z="14904" r="100"/>
        <zone name="InfectedArmyHardJMCWinter" smin="0" smax="0" dmin="3" dmax="5" x="13720" z="14524" r="100"/>
        <zone name="InfectedArmyHardJMCWinter" smin="0" smax="0" dmin="3" dmax="5" x="12768" z="14660" r="100"/>
        <zone name="InfectedArmyHardJMCWinter" smin="0" smax="0" dmin="3" dmax="5" x="13204" z="14212" r="100"/>
        <zone name="InfectedArmyHardJMCWinter" smin="0" smax="0" dmin="3" dmax="5" x="13584" z="14120" r="100"/>
        <zone name="InfectedArmyHardJMCWinter" smin="0" smax="0" dmin="3" dmax="5" x="13440" z="13404" r="100"/>
        <zone name="InfectedArmyHardJMCWinter" smin="0" smax="0" dmin="3" dmax="5" x="13300" z="13696" r="100"/>
        <zone name="InfectedArmyHardJMCWinter" smin="0" smax="0" dmin="3" dmax="5" x="12884" z="13668" r="100"/>
        <zone name="InfectedArmyHardJMCWinter" smin="0" smax="0" dmin="3" dmax="5" x="12828" z="13268" r="100"/>
        <zone name="InfectedArmyHardJMCWinter" smin="0" smax="0" dmin="3" dmax="5" x="13532" z="12736" r="100"/>
        <zone name="InfectedArmyHardJMCWinter" smin="0" smax="0" dmin="3" dmax="5" x="13804" z="12536" r="100"/>
        <zone name="InfectedArmyHardJMCWinter" smin="0" smax="0" dmin="3" dmax="5" x="14304" z="12732" r="100"/>
        <zone name="InfectedArmyHardJMCWinter" smin="0" smax="0" dmin="3" dmax="5" x="13788" z="13140" r="100"/>
        <zone name="InfectedArmyHardJMCWinter" smin="0" smax="0" dmin="3" dmax="5" x="15184" z="14104" r="100"/>
        <zone name="InfectedArmyHardJMCWinter" smin="0" smax="0" dmin="3" dmax="5" x="15664" z="13892" r="100"/>
        <zone name="InfectedArmyHardJMCWinter" smin="0" smax="0" dmin="3" dmax="5" x="15780" z="14180" r="100"/>
        <zone name="InfectedArmyHardJMCWinter" smin="0" smax="0" dmin="3" dmax="5" x="15548" z="14468" r="100"/>
        <zone name="InfectedArmyHardJMCWinter" smin="0" smax="0" dmin="3" dmax="5" x="15440" z="14764" r="100"/>
        <zone name="InfectedArmyHardJMCWinter" smin="0" smax="0" dmin="3" dmax="5" x="15892" z="14892" r="100"/>
        <zone name="InfectedArmyHardJMCWinter" smin="0" smax="0" dmin="3" dmax="5" x="14848" z="15656" r="100"/>
        <zone name="InfectedArmyHardJMCWinter" smin="0" smax="0" dmin="3" dmax="5" x="13548" z="15544" r="100"/>
        <zone name="InfectedArmyHardJMCWinter" smin="0" smax="0" dmin="3" dmax="5" x="13868" z="15520" r="100"/>
        <zone name="InfectedArmyHardJMCWinter" smin="0" smax="0" dmin="3" dmax="5" x="13992" z="15276" r="100"/>
        <zone name="InfectedArmyHardJMCWinter" smin="0" smax="0" dmin="3" dmax="5" x="12864" z="14268" r="100"/>
        <zone name="InfectedArmyHardJMCWinter" smin="0" smax="0" dmin="3" dmax="5" x="14320" z="14572" r="100"/>
        <zone name="InfectedArmyHardJMCWinter" smin="0" smax="0" dmin="3" dmax="5" x="14560" z="15112" r="100"/>
        <zone name="InfectedArmyHardJMCWinter" smin="0" smax="0" dmin="3" dmax="5" x="13960" z="15060" r="100"/>
        <zone name="InfectedArmyHardJMCWinter" smin="0" smax="0" dmin="3" dmax="5" x="13716" z="14284" r="100"/>
        <zone name="InfectedArmyHardJMCWinter" smin="0" smax="0" dmin="3" dmax="5" x="12900" z="12688" r="100"/>
        <zone name="InfectedArmyHardJMCWinter" smin="0" smax="0" dmin="3" dmax="5" x="14724" z="12700" r="100"/>
        <zone name="InfectedArmyHardJMCWinter" smin="0" smax="0" dmin="3" dmax="5" x="15756" z="12996" r="100"/>
        <zone name="InfectedArmyHardJMCWinter" smin="0" smax="0" dmin="3" dmax="5" x="11700" z="14972" r="100"/>
        <zone name="InfectedArmyHardJMCWinter" smin="0" smax="0" dmin="3" dmax="5" x="11384" z="14880" r="100"/>
        <zone name="InfectedArmyHardJMCWinter" smin="0" smax="0" dmin="3" dmax="5" x="11048" z="14900" r="100"/>
        <zone name="InfectedArmyHardJMCWinter" smin="0" smax="0" dmin="3" dmax="5" x="11212" z="15168" r="100"/>
        <zone name="InfectedArmyHardJMCWinter" smin="0" smax="0" dmin="3" dmax="5" x="11488" z="15180" r="100"/>
        <zone name="InfectedArmyHardJMCWinter" smin="0" smax="0" dmin="3" dmax="5" x="11744" z="15300" r="100"/>
        <zone name="InfectedArmyHardJMCWinter" smin="0" smax="0" dmin="3" dmax="5" x="11640" z="15572" r="100"/>
        <zone name="InfectedArmyHardJMCWinter" smin="0" smax="0" dmin="3" dmax="5" x="11384" z="15428" r="100"/>
        <zone name="InfectedArmyHardJMCWinter" smin="0" smax="0" dmin="3" dmax="5" x="11000" z="15412" r="100"/>
        <zone name="InfectedArmyHardJMCWinter" smin="0" smax="0" dmin="3" dmax="5" x="10912" z="15148" r="100"/>
    </territory>
    <territory color="1102461653">
        <zone name="InfectedIndustrial" smin="0" smax="0" dmin="5" dmax="10" x="10694.3" z="3096.47" r="70"/>
        <zone name="InfectedIndustrial" smin="0" smax="0" dmin="3" dmax="6" x="6997.2" z="1366.98" r="50"/>
        <zone name="InfectedIndustrial" smin="0" smax="0" dmin="5" dmax="10" x="12110.3" z="7847" r="100"/>
        <zone name="InfectedIndustrial" smin="0" smax="0" dmin="3" dmax="6" x="5299.8" z="3978" r="110"/>
        <zone name="InfectedIndustrial" smin="0" smax="0" dmin="3" dmax="6" x="5840.87" z="15036.7" r="100"/>
        <zone name="InfectedIndustrial" smin="0" smax="0" dmin="5" dmax="8" x="8316.5" z="9352" r="100"/>
        <zone name="InfectedIndustrial" smin="0" smax="0" dmin="4" dmax="6" x="9899.64" z="10958.4" r="50"/>
        <zone name="InfectedIndustrial" smin="0" smax="0" dmin="10" dmax="15" x="4762.5" z="7074" r="250"/>
        <zone name="InfectedIndustrial" smin="0" smax="0" dmin="6" dmax="12" x="6817.71" z="2342.93" r="200"/>
        <zone name="InfectedIndustrial" smin="0" smax="0" dmin="3" dmax="6" x="5873.23" z="14813.9" r="100"/>
        <zone name="InfectedIndustrial" smin="0" smax="0" dmin="2" dmax="5" x="5865.93" z="14319.7" r="100"/>
        <zone name="InfectedIndustrial" smin="0" smax="0" dmin="5" dmax="8" x="8822.17" z="8676" r="100"/>
        <zone name="InfectedIndustrial" smin="0" smax="0" dmin="2" dmax="5" x="5895.8" z="14575.8" r="100"/>
        <zone name="InfectedIndustrial" smin="0" smax="0" dmin="3" dmax="5" x="8630.5" z="3564.5" r="50"/>
        <zone name="InfectedIndustrial" smin="0" smax="0" dmin="5" dmax="10" x="3877" z="2610" r="100"/>
        <zone name="InfectedIndustrial" smin="0" smax="0" dmin="3" dmax="6" x="7486.36" z="1526.07" r="100"/>
        <zone name="InfectedIndustrial" smin="0" smax="0" dmin="5" dmax="8" x="8302.17" z="8632.67" r="120"/>
        <zone name="InfectedIndustrial" smin="0" smax="0" dmin="3" dmax="6" x="5797.43" z="15288.1" r="100"/>
        <zone name="InfectedIndustrial" smin="0" smax="0" dmin="3" dmax="6" x="9251.17" z="5614.5" r="50"/>
        <zone name="InfectedIndustrial" smin="0" smax="0" dmin="3" dmax="5" x="8699.17" z="3467" r="50"/>
        <zone name="InfectedIndustrial" smin="0" smax="0" dmin="5" dmax="10" x="11517.4" z="9853.6" r="75"/>
        <zone name="InfectedIndustrial" smin="0" smax="0" dmin="5" dmax="10" x="11708" z="9980.7" r="80"/>
        <zone name="InfectedIndustrial" smin="0" smax="0" dmin="10" dmax="15" x="4456" z="12092" r="200"/>
        <zone name="InfectedIndustrial" smin="0" smax="0" dmin="5" dmax="10" x="5300" z="12436" r="75"/>
        <zone name="InfectedIndustrial" smin="0" smax="0" dmin="4" dmax="8" x="507.111" z="15279.1" r="100"/>
        <zone name="InfectedIndustrial" smin="0" smax="0" dmin="10" dmax="15" x="809.333" z="13174" r="100"/>
        <zone name="InfectedCity" smin="0" smax="0" dmin="10" dmax="15" x="1051.33" z="13092" r="130"/>
        <zone name="InfectedIndustrial" smin="0" smax="0" dmin="5" dmax="10" x="8622.22" z="3982.22" r="100"/>
        <zone name="InfectedIndustrial" smin="0" smax="0" dmin="3" dmax="6" x="9002.67" z="4190.22" r="50"/>
        <zone name="InfectedIndustrial" smin="0" smax="0" dmin="2" dmax="4" x="9486.76" z="3650.13" r="75"/>
        <zone name="InfectedIndustrial" smin="0" smax="0" dmin="2" dmax="4" x="10008.9" z="4768" r="50"/>
        <zone name="InfectedIndustrial" smin="0" smax="0" dmin="8" dmax="15" x="3440" z="6557.71" r="100"/>
        <zone name="InfectedIndustrial" smin="0" smax="0" dmin="2" dmax="4" x="8688" z="8176" r="50"/>
        <zone name="InfectedIndustrial" smin="0" smax="0" dmin="2" dmax="4" x="8856" z="8202.67" r="50"/>
        <zone name="InfectedIndustrial" smin="0" smax="0" dmin="2" dmax="4" x="9002.67" z="8168" r="50"/>
        <zone name="InfectedIndustrial" smin="0" smax="0" dmin="2" dmax="4" x="9109.33" z="8053.33" r="50"/>
        <zone name="InfectedIndustrial" smin="0" smax="0" dmin="5" dmax="10" x="10789.3" z="3202.67" r="50"/>
        <zone name="InfectedIndustrial" smin="0" smax="0" dmin="5" dmax="10" x="10877.3" z="2296" r="70"/>
        <zone name="InfectedIndustrial" smin="0" smax="0" dmin="8" dmax="12" x="12904.4" z="1108.98" r="150"/>
        <zone name="InfectedIndustrial" smin="0" smax="0" dmin="4" dmax="6" x="10013.7" z="11003.4" r="50"/>
        <zone name="InfectedIndustrial" smin="0" smax="0" dmin="4" dmax="6" x="10130.7" z="11051.4" r="50"/>
        <zone name="InfectedIndustrial" smin="0" smax="0" dmin="4" dmax="6" x="10221.7" z="10907.4" r="50"/>
        <zone name="InfectedIndustrial" smin="0" smax="0" dmin="4" dmax="6" x="10102.9" z="10866.3" r="50"/>
        <zone name="InfectedIndustrial" smin="0" smax="0" dmin="4" dmax="6" x="9995.43" z="10797.7" r="50"/>
        <zone name="InfectedIndustrial" smin="0" smax="0" dmin="1" dmax="3" x="9157.33" z="9952" r="50"/>
        <zone name="InfectedIndustrial" smin="0" smax="0" dmin="5" dmax="8" x="9050.67" z="8736" r="100"/>
    </territory>
    <territory color="2387830984">
        <zone name="InfectedMedic" smin="0" smax="0" dmin="4" dmax="8" x="13158.7" z="9864.6" r="50"/>
        <zone name="InfectedMedic" smin="0" smax="0" dmin="1" dmax="4" x="8298" z="9158.77" r="50"/>
        <zone name="InfectedMedic" smin="0" smax="0" dmin="1" dmax="4" x="9804.74" z="4385.79" r="50"/>
        <zone name="InfectedMedic" smin="0" smax="0" dmin="2" dmax="4" x="9088" z="9359" r="50"/>
        <zone name="InfectedMedic" smin="0" smax="0" dmin="5" dmax="10" x="11031.3" z="10290" r="75"/>
        <zone name="InfectedMedic" smin="0" smax="0" dmin="10" dmax="15" x="9836.8" z="10790.4" r="75"/>
    </territory>
    <territory color="1289674462">
        <zone name="InfectedPrisoner" smin="4" smax="8" dmin="10" dmax="15" x="5504" z="668" r="100"/>
        <zone name="InfectedArmyHard" smin="0" smax="0" dmin="4" dmax="6" x="15786.2" z="4676.36" r="50"/>
    </territory>
    <territory color="1794965508">
        <zone name="InfectedPolice" smin="0" smax="0" dmin="4" dmax="6" x="5158.6" z="9091.33" r="50"/>
        <zone name="InfectedPolice" smin="0" smax="0" dmin="3" dmax="6" x="9769.07" z="4349.2" r="50"/>
        <zone name="InfectedPolice" smin="0" smax="0" dmin="3" dmax="6" x="5319" z="645.583" r="75"/>
        <zone name="InfectedPolice" smin="0" smax="0" dmin="5" dmax="8" x="15611.6" z="5024.85" r="50"/>
        <zone name="InfectedPolice" smin="0" smax="0" dmin="5" dmax="8" x="15666.2" z="4810.43" r="50"/>
        <zone name="InfectedPolice" smin="0" smax="0" dmin="5" dmax="8" x="15836.2" z="4960.09" r="50"/>
        <zone name="InfectedPolice" smin="0" smax="0" dmin="5" dmax="8" x="15854.7" z="4834.83" r="50"/>
        <zone name="InfectedPolice" smin="0" smax="0" dmin="3" dmax="6" x="5458.67" z="834.667" r="50"/>
    </territory>
</territory-type>
